[
    {
        "encounter": "encounter_32286",
        "Row_number": 15,
        "camera": 3,
        "confidence": 0.6408103704452515,
        "visible_cameras": [
            2
        ]
    },
    {
        "encounter": "encounter_32999",
        "Row_number": 73,
        "camera": 2,
        "confidence": 0.5910302400588989,
        "visible_cameras": []
    },
    {
        "encounter": "encounter_33155",
        "Row_number": 86,
        "camera": 5,
        "confidence": 0.8678916096687317,
        "visible_cameras": [
            4
        ]
    },
    {
        "encounter": "encounter_33465",
        "Row_number": 112,
        "camera": 5,
        "confidence": 0.8447245955467224,
        "visible_cameras": [
            4
        ]
    },
    {
        "encounter": "encounter_33692",
        "Row_number": 132,
        "camera": 3,
        "confidence": 0.8998497128486633,
        "visible_cameras": []
    },
    {
        "encounter": "encounter_33942",
        "Row_number": 144,
        "camera": 5,
        "confidence": 0.8672229647636414,
        "visible_cameras": [
            4
        ]
    },
    {
        "encounter": "encounter_34375",
        "Row_number": 173,
        "camera": 5,
        "confidence": 0.8671143054962158,
        "visible_cameras": [
            4
        ]
    },
    {
        "encounter": "encounter_34406",
        "Row_number": 178,
        "camera": 3,
        "confidence": 0.8424021005630493,
        "visible_cameras": []
    },
    {
        "encounter": "encounter_35148",
        "Row_number": 237,
        "camera": 5,
        "confidence": 0.7176318168640137,
        "visible_cameras": [
            4
        ]
    },
    {
        "encounter": "encounter_35380",
        "Row_number": 255,
        "camera": 1,
        "confidence": 0.7512133717536926,
        "visible_cameras": [
            5
        ]
    },
    {
        "encounter": "encounter_35429",
        "Row_number": 257,
        "camera": 5,
        "confidence": 0.6659574508666992,
        "visible_cameras": [
            4
        ]
    },
    {
        "encounter": "encounter_35458",
        "Row_number": 260,
        "camera": 5,
        "confidence": 0.7971555590629578,
        "visible_cameras": []
    },
    {
        "encounter": "encounter_35571",
        "Row_number": 265,
        "camera": 5,
        "confidence": 0.7465598583221436,
        "visible_cameras": []
    },
    {
        "encounter": "encounter_36380",
        "Row_number": 337,
        "camera": 5,
        "confidence": 0.6126736402511597,
        "visible_cameras": [
            4
        ]
    },
    {
        "encounter": "encounter_36580",
        "Row_number": 351,
        "camera": 5,
        "confidence": 0.5740941762924194,
        "visible_cameras": [
            4
        ]
    },
    {
        "encounter": "encounter_36620",
        "Row_number": 356,
        "camera": 4,
        "confidence": 0.7070555686950684,
        "visible_cameras": []
    },
    {
        "encounter": "encounter_36737",
        "Row_number": 364,
        "camera": 4,
        "confidence": 0.7881987690925598,
        "visible_cameras": []
    },
    {
        "encounter": "encounter_37191",
        "Row_number": 401,
        "camera": 3,
        "confidence": 0.8443137407302856,
        "visible_cameras": []
    },
    {
        "encounter": "encounter_37414",
        "Row_number": 413,
        "camera": 2,
        "confidence": 0.8745852708816528,
        "visible_cameras": []
    },
    {
        "encounter": "encounter_37557",
        "Row_number": 421,
        "camera": 1,
        "confidence": 0.6278600692749023,
        "visible_cameras": [
            2,
            3
        ]
    },
    {
        "encounter": "encounter_38406",
        "Row_number": 494,
        "camera": 2,
        "confidence": 0.8343106508255005,
        "visible_cameras": []
    },
    {
        "encounter": "encounter_38416",
        "Row_number": 495,
        "camera": 1,
        "confidence": 0.6492496728897095,
        "visible_cameras": []
    },
    {
        "encounter": "encounter_39196",
        "Row_number": 561,
        "camera": 5,
        "confidence": 0.8522157669067383,
        "visible_cameras": [
            4
        ]
    },
    {
        "encounter": "encounter_40146",
        "Row_number": 636,
        "camera": 2,
        "confidence": 0.8390283584594727,
        "visible_cameras": []
    },
    {
        "encounter": "encounter_40204",
        "Row_number": 640,
        "camera": 4,
        "confidence": 0.864801287651062,
        "visible_cameras": []
    },
    {
        "encounter": "encounter_40557",
        "Row_number": 669,
        "camera": 5,
        "confidence": 0.6213156580924988,
        "visible_cameras": [
            4
        ]
    },
    {
        "encounter": "encounter_40629",
        "Row_number": 673,
        "camera": 3,
        "confidence": 0.6730693578720093,
        "visible_cameras": [
            2
        ]
    },
    {
        "encounter": "encounter_40851",
        "Row_number": 696,
        "camera": 5,
        "confidence": 0.7791618704795837,
        "visible_cameras": [
            4
        ]
    },
    {
        "encounter": "encounter_41776",
        "Row_number": 766,
        "camera": 3,
        "confidence": 0.7657594680786133,
        "visible_cameras": [
            2
        ]
    },
    {
        "encounter": "encounter_42273",
        "Row_number": 808,
        "camera": 5,
        "confidence": 0.8914786577224731,
        "visible_cameras": []
    },
    {
        "encounter": "encounter_42490",
        "Row_number": 826,
        "camera": 3,
        "confidence": 0.5568457841873169,
        "visible_cameras": []
    },
    {
        "encounter": "encounter_42645",
        "Row_number": 840,
        "camera": 5,
        "confidence": 0.8032182455062866,
        "visible_cameras": [
            4
        ]
    },
    {
        "encounter": "encounter_42810",
        "Row_number": 855,
        "camera": 1,
        "confidence": 0.6494235992431641,
        "visible_cameras": []
    },
    {
        "encounter": "encounter_42988",
        "Row_number": 870,
        "camera": 3,
        "confidence": 0.8442178964614868,
        "visible_cameras": []
    },
    {
        "encounter": "encounter_43178",
        "Row_number": 892,
        "camera": 2,
        "confidence": 0.8350904583930969,
        "visible_cameras": []
    },
    {
        "encounter": "encounter_43247",
        "Row_number": 901,
        "camera": 5,
        "confidence": 0.6744762659072876,
        "visible_cameras": []
    },
    {
        "encounter": "encounter_43265",
        "Row_number": 903,
        "camera": 4,
        "confidence": 0.8071076273918152,
        "visible_cameras": []
    },
    {
        "encounter": "encounter_43723",
        "Row_number": 946,
        "camera": 2,
        "confidence": 0.5538948774337769,
        "visible_cameras": []
    },
    {
        "encounter": "encounter_43907",
        "Row_number": 958,
        "camera": 2,
        "confidence": 0.7970699667930603,
        "visible_cameras": []
    },
    {
        "encounter": "encounter_44120",
        "Row_number": 971,
        "camera": 4,
        "confidence": 0.7962548732757568,
        "visible_cameras": []
    },
    {
        "encounter": "encounter_44133",
        "Row_number": 973,
        "camera": 5,
        "confidence": 0.6115471124649048,
        "visible_cameras": [
            4
        ]
    },
    {
        "encounter": "encounter_44524",
        "Row_number": 1001,
        "camera": 5,
        "confidence": 0.7534211277961731,
        "visible_cameras": [
            4
        ]
    },
    {
        "encounter": "encounter_44887",
        "Row_number": 1025,
        "camera": 1,
        "confidence": 0.8505814075469971,
        "visible_cameras": [
            5
        ]
    },
    {
        "encounter": "encounter_45232",
        "Row_number": 1057,
        "camera": 3,
        "confidence": 0.7721694707870483,
        "visible_cameras": [
            2
        ]
    },
    {
        "encounter": "encounter_45334",
        "Row_number": 1066,
        "camera": 1,
        "confidence": 0.6427463293075562,
        "visible_cameras": [
            5
        ]
    },
    {
        "encounter": "encounter_45352",
        "Row_number": 1070,
        "camera": 3,
        "confidence": 0.5546296834945679,
        "visible_cameras": []
    },
    {
        "encounter": "encounter_45427",
        "Row_number": 1075,
        "camera": 5,
        "confidence": 0.8461403250694275,
        "visible_cameras": [
            4
        ]
    },
    {
        "encounter": "encounter_47720",
        "Row_number": 1247,
        "camera": 5,
        "confidence": 0.736335039138794,
        "visible_cameras": [
            4
        ]
    },
    {
        "encounter": "encounter_49281",
        "Row_number": 1378,
        "camera": 4,
        "confidence": 0.839061439037323,
        "visible_cameras": []
    },
    {
        "encounter": "encounter_49680",
        "Row_number": 1402,
        "camera": 5,
        "confidence": 0.8300631046295166,
        "visible_cameras": []
    },
    {
        "encounter": "encounter_50712",
        "Row_number": 1480,
        "camera": 5,
        "confidence": 0.6734224557876587,
        "visible_cameras": []
    },
    {
        "encounter": "encounter_51100",
        "Row_number": 1508,
        "camera": 5,
        "confidence": 0.8324154019355774,
        "visible_cameras": [
            4
        ]
    },
    {
        "encounter": "encounter_51112",
        "Row_number": 1510,
        "camera": 5,
        "confidence": 0.8981530666351318,
        "visible_cameras": [
            4
        ]
    },
    {
        "encounter": "encounter_51517",
        "Row_number": 1530,
        "camera": 5,
        "confidence": 0.8604847192764282,
        "visible_cameras": [
            4
        ]
    },
    {
        "encounter": "encounter_51527",
        "Row_number": 1532,
        "camera": 3,
        "confidence": 0.8396651744842529,
        "visible_cameras": [
            2
        ]
    },
    {
        "encounter": "encounter_51909",
        "Row_number": 1558,
        "camera": 5,
        "confidence": 0.8875269293785095,
        "visible_cameras": [
            4
        ]
    },
    {
        "encounter": "encounter_51928",
        "Row_number": 1561,
        "camera": 3,
        "confidence": 0.7935948371887207,
        "visible_cameras": [
            2
        ]
    },
    {
        "encounter": "encounter_52051",
        "Row_number": 1573,
        "camera": 2,
        "confidence": 0.8883863091468811,
        "visible_cameras": []
    },
    {
        "encounter": "encounter_53410",
        "Row_number": 1679,
        "camera": 5,
        "confidence": 0.9005085229873657,
        "visible_cameras": [
            4
        ]
    },
    {
        "encounter": "encounter_54395",
        "Row_number": 1756,
        "camera": 3,
        "confidence": 0.9008872509002686,
        "visible_cameras": [
            2
        ]
    },
    {
        "encounter": "encounter_54829",
        "Row_number": 1794,
        "camera": 5,
        "confidence": 0.8183844685554504,
        "visible_cameras": [
            4
        ]
    },
    {
        "encounter": "encounter_55181",
        "Row_number": 1811,
        "camera": 4,
        "confidence": 0.7403047680854797,
        "visible_cameras": []
    },
    {
        "encounter": "encounter_56171",
        "Row_number": 1890,
        "camera": 5,
        "confidence": 0.6766639351844788,
        "visible_cameras": [
            4
        ]
    },
    {
        "encounter": "encounter_56652",
        "Row_number": 1920,
        "camera": 2,
        "confidence": 0.5749404430389404,
        "visible_cameras": []
    },
    {
        "encounter": "encounter_57625",
        "Row_number": 1992,
        "camera": 4,
        "confidence": 0.9338617920875548,
        "visible_cameras": []
    },
    {
        "encounter": "encounter_58052",
        "Row_number": 2016,
        "camera": 4,
        "confidence": 0.5766781568527222,
        "visible_cameras": []
    },
    {
        "encounter": "encounter_58918",
        "Row_number": 2079,
        "camera": 3,
        "confidence": 0.7157416939735413,
        "visible_cameras": []
    },
    {
        "encounter": "encounter_60387",
        "Row_number": 2202,
        "camera": 5,
        "confidence": 0.7966599464416504,
        "visible_cameras": []
    },
    {
        "encounter": "encounter_60406",
        "Row_number": 2204,
        "camera": 5,
        "confidence": 0.8287816643714905,
        "visible_cameras": []
    },
    {
        "encounter": "encounter_60498",
        "Row_number": 2214,
        "camera": 5,
        "confidence": 0.7577915787696838,
        "visible_cameras": [
            4
        ]
    },
    {
        "encounter": "encounter_60549",
        "Row_number": 2220,
        "camera": 4,
        "confidence": 0.7945258021354675,
        "visible_cameras": []
    },
    {
        "encounter": "encounter_60701",
        "Row_number": 2232,
        "camera": 1,
        "confidence": 0.8747575879096985,
        "visible_cameras": [
            5
        ]
    },
    {
        "encounter": "encounter_60752",
        "Row_number": 2238,
        "camera": 1,
        "confidence": 0.5922456979751587,
        "visible_cameras": []
    },
    {
        "encounter": "encounter_60852",
        "Row_number": 2249,
        "camera": 5,
        "confidence": 0.8503909707069397,
        "visible_cameras": [
            1,
            2
        ]
    },
    {
        "encounter": "encounter_61206",
        "Row_number": 2267,
        "camera": 3,
        "confidence": 0.6489935517311096,
        "visible_cameras": [
            2
        ]
    },
    {
        "encounter": "encounter_62532",
        "Row_number": 2373,
        "camera": 2,
        "confidence": 0.7754638195037842,
        "visible_cameras": []
    },
    {
        "encounter": "encounter_62581",
        "Row_number": 2380,
        "camera": 5,
        "confidence": 0.8216854333877563,
        "visible_cameras": []
    },
    {
        "encounter": "encounter_63476",
        "Row_number": 2445,
        "camera": 3,
        "confidence": 0.7276639342308044,
        "visible_cameras": []
    },
    {
        "encounter": "encounter_63870",
        "Row_number": 2483,
        "camera": 3,
        "confidence": 0.8690961599349976,
        "visible_cameras": [
            2
        ]
    },
    {
        "encounter": "encounter_64066",
        "Row_number": 2496,
        "camera": 3,
        "confidence": 0.7486395239830017,
        "visible_cameras": [
            2
        ]
    }
]