[
    {
        "encounter": "encounter_2761",
        "Row_number": 214,
        "camera": 3,
        "confidence": 0.8030341267585754,
        "visible_cameras": []
    },
    {
        "encounter": "encounter_3045",
        "Row_number": 240,
        "camera": 2,
        "confidence": 0.6629887223243713,
        "visible_cameras": [
            1
        ]
    },
    {
        "encounter": "encounter_3252",
        "Row_number": 260,
        "camera": 2,
        "confidence": 0.7851672172546387,
        "visible_cameras": []
    },
    {
        "encounter": "encounter_3676",
        "Row_number": 288,
        "camera": 1,
        "confidence": 0.8096460103988647,
        "visible_cameras": []
    },
    {
        "encounter": "encounter_4190",
        "Row_number": 320,
        "camera": 2,
        "confidence": 0.7095667719841003,
        "visible_cameras": []
    },
    {
        "encounter": "encounter_4757",
        "Row_number": 365,
        "camera": 3,
        "confidence": 0.8485450148582458,
        "visible_cameras": [
            2
        ]
    },
    {
        "encounter": "encounter_4997",
        "Row_number": 385,
        "camera": 1,
        "confidence": 0.6251753568649292,
        "visible_cameras": []
    },
    {
        "encounter": "encounter_5303",
        "Row_number": 416,
        "camera": 5,
        "confidence": 0.5731964707374573,
        "visible_cameras": []
    },
    {
        "encounter": "encounter_5934",
        "Row_number": 464,
        "camera": 1,
        "confidence": 0.8039448261260986,
        "visible_cameras": []
    },
    {
        "encounter": "encounter_6137",
        "Row_number": 479,
        "camera": 4,
        "confidence": 0.5586907863616943,
        "visible_cameras": []
    },
    {
        "encounter": "encounter_6160",
        "Row_number": 481,
        "camera": 5,
        "confidence": 0.709317684173584,
        "visible_cameras": [
            4
        ]
    },
    {
        "encounter": "encounter_6639",
        "Row_number": 522,
        "camera": 1,
        "confidence": 0.7831589579582214,
        "visible_cameras": [
            2
        ]
    },
    {
        "encounter": "encounter_6723",
        "Row_number": 530,
        "camera": 2,
        "confidence": 0.7155206203460693,
        "visible_cameras": []
    },
    {
        "encounter": "encounter_7135",
        "Row_number": 567,
        "camera": 3,
        "confidence": 0.580590546131134,
        "visible_cameras": [
            2
        ]
    },
    {
        "encounter": "encounter_7618",
        "Row_number": 604,
        "camera": 1,
        "confidence": 0.6062621474266052,
        "visible_cameras": []
    },
    {
        "encounter": "encounter_8865",
        "Row_number": 685,
        "camera": 5,
        "confidence": 0.88912433385849,
        "visible_cameras": [
            4
        ]
    },
    {
        "encounter": "encounter_8895",
        "Row_number": 687,
        "camera": 3,
        "confidence": 0.8598328232765198,
        "visible_cameras": [
            2
        ]
    },
    {
        "encounter": "encounter_9937",
        "Row_number": 761,
        "camera": 1,
        "confidence": 0.5687643885612488,
        "visible_cameras": [
            5
        ]
    },
    {
        "encounter": "encounter_9950",
        "Row_number": 763,
        "camera": 3,
        "confidence": 0.8388040065765381,
        "visible_cameras": [
            2
        ]
    },
    {
        "encounter": "encounter_10105",
        "Row_number": 776,
        "camera": 5,
        "confidence": 0.8531360030174255,
        "visible_cameras": [
            4
        ]
    },
    {
        "encounter": "encounter_10189",
        "Row_number": 783,
        "camera": 5,
        "confidence": 0.5918460488319397,
        "visible_cameras": [
            4
        ]
    },
    {
        "encounter": "encounter_10781",
        "Row_number": 822,
        "camera": 5,
        "confidence": 0.6844620108604431,
        "visible_cameras": []
    },
    {
        "encounter": "encounter_11133",
        "Row_number": 843,
        "camera": 5,
        "confidence": 0.6541570425033569,
        "visible_cameras": [
            4
        ]
    },
    {
        "encounter": "encounter_11841",
        "Row_number": 910,
        "camera": 5,
        "confidence": 0.6645591855049133,
        "visible_cameras": [
            4
        ]
    },
    {
        "encounter": "encounter_13013",
        "Row_number": 1003,
        "camera": 5,
        "confidence": 0.8978516459465027,
        "visible_cameras": [
            4
        ]
    },
    {
        "encounter": "encounter_13186",
        "Row_number": 1018,
        "camera": 3,
        "confidence": 0.9344236254692078,
        "visible_cameras": [
            2
        ]
    },
    {
        "encounter": "encounter_13724",
        "Row_number": 1069,
        "camera": 1,
        "confidence": 0.8448308110237122,
        "visible_cameras": []
    },
    {
        "encounter": "encounter_13992",
        "Row_number": 1089,
        "camera": 2,
        "confidence": 0.6114936470985413,
        "visible_cameras": []
    },
    {
        "encounter": "encounter_14794",
        "Row_number": 1147,
        "camera": 3,
        "confidence": 0.7302266955375671,
        "visible_cameras": [
            2
        ]
    },
    {
        "encounter": "encounter_14877",
        "Row_number": 1153,
        "camera": 3,
        "confidence": 0.6866971850395203,
        "visible_cameras": [
            2
        ]
    },
    {
        "encounter": "encounter_15812",
        "Row_number": 1216,
        "camera": 5,
        "confidence": 0.6332392692565918,
        "visible_cameras": [
            4
        ]
    },
    {
        "encounter": "encounter_15947",
        "Row_number": 1223,
        "camera": 5,
        "confidence": 0.9045314192771912,
        "visible_cameras": [
            4
        ]
    },
    {
        "encounter": "encounter_16679",
        "Row_number": 1272,
        "camera": 3,
        "confidence": 0.8069509863853455,
        "visible_cameras": [
            2
        ]
    },
    {
        "encounter": "encounter_16754",
        "Row_number": 1280,
        "camera": 2,
        "confidence": 0.7364859580993652,
        "visible_cameras": []
    },
    {
        "encounter": "encounter_17021",
        "Row_number": 1300,
        "camera": 3,
        "confidence": 0.6989731788635254,
        "visible_cameras": [
            2
        ]
    },
    {
        "encounter": "encounter_17288",
        "Row_number": 1318,
        "camera": 5,
        "confidence": 0.8439085483551025,
        "visible_cameras": []
    },
    {
        "encounter": "encounter_17397",
        "Row_number": 1328,
        "camera": 5,
        "confidence": 0.8551768660545349,
        "visible_cameras": [
            4
        ]
    },
    {
        "encounter": "encounter_17447",
        "Row_number": 1333,
        "camera": 1,
        "confidence": 0.7196263670921326,
        "visible_cameras": [
            5
        ]
    },
    {
        "encounter": "encounter_19421",
        "Row_number": 1499,
        "camera": 3,
        "confidence": 0.7819600701332092,
        "visible_cameras": [
            2
        ]
    },
    {
        "encounter": "encounter_19645",
        "Row_number": 1512,
        "camera": 1,
        "confidence": 0.9233244061470032,
        "visible_cameras": [
            5
        ]
    },
    {
        "encounter": "encounter_19885",
        "Row_number": 1538,
        "camera": 3,
        "confidence": 0.6970833539962769,
        "visible_cameras": [
            2
        ]
    },
    {
        "encounter": "encounter_20064",
        "Row_number": 1551,
        "camera": 4,
        "confidence": 0.6906352639198303,
        "visible_cameras": []
    },
    {
        "encounter": "encounter_20095",
        "Row_number": 1555,
        "camera": 2,
        "confidence": 0.7112531065940857,
        "visible_cameras": []
    },
    {
        "encounter": "encounter_20342",
        "Row_number": 1581,
        "camera": 2,
        "confidence": 0.8274859189987183,
        "visible_cameras": []
    },
    {
        "encounter": "encounter_20435",
        "Row_number": 1587,
        "camera": 2,
        "confidence": 0.5997019410133362,
        "visible_cameras": [
            1
        ]
    },
    {
        "encounter": "encounter_20799",
        "Row_number": 1606,
        "camera": 4,
        "confidence": 0.712790310382843,
        "visible_cameras": []
    },
    {
        "encounter": "encounter_20962",
        "Row_number": 1616,
        "camera": 5,
        "confidence": 0.8838108777999878,
        "visible_cameras": [
            4
        ]
    },
    {
        "encounter": "encounter_21390",
        "Row_number": 1655,
        "camera": 4,
        "confidence": 0.697994589805603,
        "visible_cameras": []
    },
    {
        "encounter": "encounter_21495",
        "Row_number": 1666,
        "camera": 3,
        "confidence": 0.7088006734848022,
        "visible_cameras": [
            2
        ]
    },
    {
        "encounter": "encounter_21621",
        "Row_number": 1674,
        "camera": 2,
        "confidence": 0.70497065782547,
        "visible_cameras": [
            3
        ]
    },
    {
        "encounter": "encounter_22382",
        "Row_number": 1733,
        "camera": 5,
        "confidence": 0.8020631670951843,
        "visible_cameras": [
            4
        ]
    },
    {
        "encounter": "encounter_22722",
        "Row_number": 1760,
        "camera": 2,
        "confidence": 0.5949190258979797,
        "visible_cameras": [
            3
        ]
    },
    {
        "encounter": "encounter_22819",
        "Row_number": 1769,
        "camera": 3,
        "confidence": 0.7430300116539001,
        "visible_cameras": []
    },
    {
        "encounter": "encounter_24626",
        "Row_number": 1883,
        "camera": 2,
        "confidence": 0.9294556975364684,
        "visible_cameras": [
            1
        ]
    },
    {
        "encounter": "encounter_25945",
        "Row_number": 1981,
        "camera": 3,
        "confidence": 0.6636999845504761,
        "visible_cameras": []
    },
    {
        "encounter": "encounter_27538",
        "Row_number": 2100,
        "camera": 5,
        "confidence": 0.7881953120231628,
        "visible_cameras": [
            4
        ]
    },
    {
        "encounter": "encounter_27585",
        "Row_number": 2105,
        "camera": 3,
        "confidence": 0.8516476154327393,
        "visible_cameras": [
            2
        ]
    },
    {
        "encounter": "encounter_27688",
        "Row_number": 2115,
        "camera": 2,
        "confidence": 0.7444744110107422,
        "visible_cameras": [
            5
        ]
    },
    {
        "encounter": "encounter_28009",
        "Row_number": 2141,
        "camera": 3,
        "confidence": 0.6291586756706238,
        "visible_cameras": []
    },
    {
        "encounter": "encounter_28522",
        "Row_number": 2191,
        "camera": 1,
        "confidence": 0.6219064593315125,
        "visible_cameras": []
    },
    {
        "encounter": "encounter_28681",
        "Row_number": 2206,
        "camera": 1,
        "confidence": 0.6663199663162231,
        "visible_cameras": [
            5
        ]
    },
    {
        "encounter": "encounter_28835",
        "Row_number": 2219,
        "camera": 5,
        "confidence": 0.7804507613182068,
        "visible_cameras": [
            4
        ]
    },
    {
        "encounter": "encounter_29032",
        "Row_number": 2239,
        "camera": 5,
        "confidence": 0.895618736743927,
        "visible_cameras": [
            4
        ]
    },
    {
        "encounter": "encounter_30459",
        "Row_number": 2356,
        "camera": 3,
        "confidence": 0.8430711627006531,
        "visible_cameras": [
            2
        ]
    },
    {
        "encounter": "encounter_31016",
        "Row_number": 2406,
        "camera": 3,
        "confidence": 0.8924656510353088,
        "visible_cameras": [
            2
        ]
    },
    {
        "encounter": "encounter_31064",
        "Row_number": 2412,
        "camera": 3,
        "confidence": 0.7148757576942444,
        "visible_cameras": [
            2
        ]
    },
    {
        "encounter": "encounter_31117",
        "Row_number": 2417,
        "camera": 4,
        "confidence": 0.8899756669998169,
        "visible_cameras": []
    },
    {
        "encounter": "encounter_31273",
        "Row_number": 2431,
        "camera": 5,
        "confidence": 0.8053098917007446,
        "visible_cameras": [
            4
        ]
    },
    {
        "encounter": "encounter_31754",
        "Row_number": 2467,
        "camera": 3,
        "confidence": 0.8708567023277283,
        "visible_cameras": [
            2
        ]
    },
    {
        "encounter": "encounter_31877",
        "Row_number": 2474,
        "camera": 5,
        "confidence": 0.8906537294387817,
        "visible_cameras": [
            4
        ]
    }
]