[
    {
        "encounter": "encounter_4997",
        "Row_number": 385,
        "camera": 1,
        "confidence": 0.8212044835090637,
        "visible_cameras": []
    },
    {
        "encounter": "encounter_7135",
        "Row_number": 567,
        "camera": 3,
        "confidence": 0.863029956817627,
        "visible_cameras": [
            2
        ]
    },
    {
        "encounter": "encounter_8865",
        "Row_number": 685,
        "camera": 5,
        "confidence": 0.855184018611908,
        "visible_cameras": [
            4
        ]
    },
    {
        "encounter": "encounter_8895",
        "Row_number": 687,
        "camera": 3,
        "confidence": 0.6097132563591003,
        "visible_cameras": [
            2
        ]
    },
    {
        "encounter": "encounter_13013",
        "Row_number": 1003,
        "camera": 5,
        "confidence": 0.8096625208854675,
        "visible_cameras": [
            4
        ]
    },
    {
        "encounter": "encounter_13186",
        "Row_number": 1018,
        "camera": 3,
        "confidence": 0.915093183517456,
        "visible_cameras": [
            2
        ]
    },
    {
        "encounter": "encounter_15947",
        "Row_number": 1223,
        "camera": 5,
        "confidence": 0.8942874073982239,
        "visible_cameras": [
            4
        ]
    },
    {
        "encounter": "encounter_16679",
        "Row_number": 1272,
        "camera": 3,
        "confidence": 0.788023829460144,
        "visible_cameras": [
            2
        ]
    },
    {
        "encounter": "encounter_17288",
        "Row_number": 1318,
        "camera": 5,
        "confidence": 0.8245114684104919,
        "visible_cameras": []
    },
    {
        "encounter": "encounter_17397",
        "Row_number": 1328,
        "camera": 5,
        "confidence": 0.5624208450317383,
        "visible_cameras": [
            4
        ]
    },
    {
        "encounter": "encounter_19645",
        "Row_number": 1512,
        "camera": 1,
        "confidence": 0.8908352255821228,
        "visible_cameras": [
            5
        ]
    },
    {
        "encounter": "encounter_20000",
        "Row_number": 1543,
        "camera": 3,
        "confidence": 0.5593650341033936,
        "visible_cameras": [
            2
        ]
    },
    {
        "encounter": "encounter_20435",
        "Row_number": 1587,
        "camera": 2,
        "confidence": 0.6297854781150818,
        "visible_cameras": [
            1
        ]
    },
    {
        "encounter": "encounter_20962",
        "Row_number": 1616,
        "camera": 5,
        "confidence": 0.8627525568008423,
        "visible_cameras": [
            4
        ]
    },
    {
        "encounter": "encounter_21667",
        "Row_number": 1677,
        "camera": 5,
        "confidence": 0.7780840396881104,
        "visible_cameras": []
    },
    {
        "encounter": "encounter_24626",
        "Row_number": 1883,
        "camera": 2,
        "confidence": 0.9132035970687866,
        "visible_cameras": [
            1
        ]
    },
    {
        "encounter": "encounter_24900",
        "Row_number": 1897,
        "camera": 2,
        "confidence": 0.8591245412826538,
        "visible_cameras": [
            1
        ]
    },
    {
        "encounter": "encounter_25976",
        "Row_number": 1986,
        "camera": 3,
        "confidence": 0.6348747611045837,
        "visible_cameras": []
    },
    {
        "encounter": "encounter_27688",
        "Row_number": 2115,
        "camera": 2,
        "confidence": 0.6034045219421387,
        "visible_cameras": [
            5
        ]
    },
    {
        "encounter": "encounter_28522",
        "Row_number": 2191,
        "camera": 2,
        "confidence": 0.6978136897087097,
        "visible_cameras": []
    },
    {
        "encounter": "encounter_28580",
        "Row_number": 2197,
        "camera": 1,
        "confidence": 0.6927826404571533,
        "visible_cameras": [
            5
        ]
    },
    {
        "encounter": "encounter_29032",
        "Row_number": 2239,
        "camera": 5,
        "confidence": 0.8690459728240967,
        "visible_cameras": [
            4
        ]
    },
    {
        "encounter": "encounter_29749",
        "Row_number": 2285,
        "camera": 3,
        "confidence": 0.5543655753135681,
        "visible_cameras": [
            4
        ]
    },
    {
        "encounter": "encounter_30137",
        "Row_number": 2328,
        "camera": 2,
        "confidence": 0.6020647287368774,
        "visible_cameras": [
            4
        ]
    },
    {
        "encounter": "encounter_31016",
        "Row_number": 2406,
        "camera": 3,
        "confidence": 0.8343030214309692,
        "visible_cameras": [
            2
        ]
    },
    {
        "encounter": "encounter_31877",
        "Row_number": 2474,
        "camera": 5,
        "confidence": 0.8619168996810913,
        "visible_cameras": [
            4
        ]
    }
]