[
    {
        "encounter": "encounter_64336",
        "Row_number": 19,
        "camera": 3,
        "confidence": 0.8854652047157288,
        "visible_cameras": [
            2
        ]
    },
    {
        "encounter": "encounter_65627",
        "Row_number": 128,
        "camera": 2,
        "confidence": 0.759925901889801,
        "visible_cameras": []
    },
    {
        "encounter": "encounter_65728",
        "Row_number": 142,
        "camera": 5,
        "confidence": 0.8156620860099792,
        "visible_cameras": [
            4
        ]
    },
    {
        "encounter": "encounter_65785",
        "Row_number": 148,
        "camera": 2,
        "confidence": 0.7866113185882568,
        "visible_cameras": [
            1
        ]
    },
    {
        "encounter": "encounter_65917",
        "Row_number": 161,
        "camera": 2,
        "confidence": 0.7188436388969421,
        "visible_cameras": []
    },
    {
        "encounter": "encounter_66827",
        "Row_number": 236,
        "camera": 4,
        "confidence": 0.8510844111442566,
        "visible_cameras": []
    },
    {
        "encounter": "encounter_67115",
        "Row_number": 258,
        "camera": 5,
        "confidence": 0.8383148908615112,
        "visible_cameras": [
            4
        ]
    },
    {
        "encounter": "encounter_67580",
        "Row_number": 296,
        "camera": 2,
        "confidence": 0.8883402943611145,
        "visible_cameras": [
            1
        ]
    },
    {
        "encounter": "encounter_68238",
        "Row_number": 348,
        "camera": 3,
        "confidence": 0.8998700976371765,
        "visible_cameras": [
            2
        ]
    },
    {
        "encounter": "encounter_68279",
        "Row_number": 351,
        "camera": 2,
        "confidence": 0.8120480179786682,
        "visible_cameras": []
    },
    {
        "encounter": "encounter_68543",
        "Row_number": 371,
        "camera": 1,
        "confidence": 0.777102530002594,
        "visible_cameras": [
            5
        ]
    },
    {
        "encounter": "encounter_69363",
        "Row_number": 435,
        "camera": 1,
        "confidence": 0.8816909790039062,
        "visible_cameras": [
            5
        ]
    },
    {
        "encounter": "encounter_70038",
        "Row_number": 494,
        "camera": 5,
        "confidence": 0.8909122347831726,
        "visible_cameras": []
    },
    {
        "encounter": "encounter_70087",
        "Row_number": 500,
        "camera": 3,
        "confidence": 0.6661186814308167,
        "visible_cameras": [
            2
        ]
    },
    {
        "encounter": "encounter_70223",
        "Row_number": 510,
        "camera": 1,
        "confidence": 0.8822108507156372,
        "visible_cameras": [
            5
        ]
    },
    {
        "encounter": "encounter_70617",
        "Row_number": 542,
        "camera": 3,
        "confidence": 0.8162798285484314,
        "visible_cameras": [
            2
        ]
    },
    {
        "encounter": "encounter_71042",
        "Row_number": 567,
        "camera": 3,
        "confidence": 0.9243094325065612,
        "visible_cameras": [
            2
        ]
    },
    {
        "encounter": "encounter_71827",
        "Row_number": 632,
        "camera": 2,
        "confidence": 0.7864984273910522,
        "visible_cameras": [
            1
        ]
    },
    {
        "encounter": "encounter_71833",
        "Row_number": 634,
        "camera": 5,
        "confidence": 0.9285041689872742,
        "visible_cameras": [
            4
        ]
    },
    {
        "encounter": "encounter_72142",
        "Row_number": 653,
        "camera": 4,
        "confidence": 0.8016541004180908,
        "visible_cameras": []
    },
    {
        "encounter": "encounter_72509",
        "Row_number": 681,
        "camera": 2,
        "confidence": 0.8250926733016968,
        "visible_cameras": [
            1
        ]
    },
    {
        "encounter": "encounter_72914",
        "Row_number": 703,
        "camera": 4,
        "confidence": 0.7246142029762268,
        "visible_cameras": []
    },
    {
        "encounter": "encounter_73010",
        "Row_number": 714,
        "camera": 1,
        "confidence": 0.8258267641067505,
        "visible_cameras": []
    },
    {
        "encounter": "encounter_73488",
        "Row_number": 747,
        "camera": 3,
        "confidence": 0.8621320128440857,
        "visible_cameras": [
            2
        ]
    },
    {
        "encounter": "encounter_73582",
        "Row_number": 754,
        "camera": 4,
        "confidence": 0.5637117624282837,
        "visible_cameras": [
            2
        ]
    },
    {
        "encounter": "encounter_73776",
        "Row_number": 771,
        "camera": 5,
        "confidence": 0.8511115908622742,
        "visible_cameras": [
            4
        ]
    },
    {
        "encounter": "encounter_73808",
        "Row_number": 776,
        "camera": 5,
        "confidence": 0.6427929997444153,
        "visible_cameras": [
            4
        ]
    },
    {
        "encounter": "encounter_74645",
        "Row_number": 847,
        "camera": 5,
        "confidence": 0.8236408233642578,
        "visible_cameras": []
    },
    {
        "encounter": "encounter_74728",
        "Row_number": 853,
        "camera": 5,
        "confidence": 0.7853065133094788,
        "visible_cameras": [
            4
        ]
    },
    {
        "encounter": "encounter_75163",
        "Row_number": 886,
        "camera": 1,
        "confidence": 0.8303096294403076,
        "visible_cameras": [
            5
        ]
    },
    {
        "encounter": "encounter_75288",
        "Row_number": 899,
        "camera": 3,
        "confidence": 0.8331810832023621,
        "visible_cameras": [
            2
        ]
    },
    {
        "encounter": "encounter_76339",
        "Row_number": 977,
        "camera": 1,
        "confidence": 0.7054571509361267,
        "visible_cameras": []
    },
    {
        "encounter": "encounter_76419",
        "Row_number": 988,
        "camera": 5,
        "confidence": 0.8915132284164429,
        "visible_cameras": [
            4
        ]
    },
    {
        "encounter": "encounter_76460",
        "Row_number": 994,
        "camera": 4,
        "confidence": 0.5913036465644836,
        "visible_cameras": []
    },
    {
        "encounter": "encounter_77529",
        "Row_number": 1080,
        "camera": 5,
        "confidence": 0.8647530674934387,
        "visible_cameras": [
            4
        ]
    },
    {
        "encounter": "encounter_77745",
        "Row_number": 1098,
        "camera": 5,
        "confidence": 0.837733268737793,
        "visible_cameras": [
            4
        ]
    },
    {
        "encounter": "encounter_77972",
        "Row_number": 1120,
        "camera": 3,
        "confidence": 0.847069263458252,
        "visible_cameras": [
            2
        ]
    },
    {
        "encounter": "encounter_78043",
        "Row_number": 1125,
        "camera": 5,
        "confidence": 0.6855365633964539,
        "visible_cameras": []
    },
    {
        "encounter": "encounter_78579",
        "Row_number": 1168,
        "camera": 5,
        "confidence": 0.858450710773468,
        "visible_cameras": [
            4
        ]
    },
    {
        "encounter": "encounter_78891",
        "Row_number": 1187,
        "camera": 5,
        "confidence": 0.8014786839485168,
        "visible_cameras": [
            4
        ]
    },
    {
        "encounter": "encounter_79037",
        "Row_number": 1195,
        "camera": 5,
        "confidence": 0.8372794389724731,
        "visible_cameras": [
            4
        ]
    },
    {
        "encounter": "encounter_79275",
        "Row_number": 1215,
        "camera": 5,
        "confidence": 0.8923438787460327,
        "visible_cameras": [
            4
        ]
    },
    {
        "encounter": "encounter_79776",
        "Row_number": 1254,
        "camera": 3,
        "confidence": 0.8996032476425171,
        "visible_cameras": [
            2
        ]
    },
    {
        "encounter": "encounter_80780",
        "Row_number": 1325,
        "camera": 2,
        "confidence": 0.8518882989883423,
        "visible_cameras": []
    },
    {
        "encounter": "encounter_81873",
        "Row_number": 1426,
        "camera": 4,
        "confidence": 0.8033103942871094,
        "visible_cameras": []
    },
    {
        "encounter": "encounter_82306",
        "Row_number": 1452,
        "camera": 2,
        "confidence": 0.8431131839752197,
        "visible_cameras": []
    },
    {
        "encounter": "encounter_82315",
        "Row_number": 1454,
        "camera": 2,
        "confidence": 0.8847329616546631,
        "visible_cameras": []
    },
    {
        "encounter": "encounter_83036",
        "Row_number": 1522,
        "camera": 1,
        "confidence": 0.939915418624878,
        "visible_cameras": []
    },
    {
        "encounter": "encounter_83912",
        "Row_number": 1586,
        "camera": 3,
        "confidence": 0.8544145822525024,
        "visible_cameras": [
            2
        ]
    },
    {
        "encounter": "encounter_84271",
        "Row_number": 1611,
        "camera": 5,
        "confidence": 0.8164920210838318,
        "visible_cameras": [
            4
        ]
    },
    {
        "encounter": "encounter_84474",
        "Row_number": 1628,
        "camera": 3,
        "confidence": 0.8286255598068237,
        "visible_cameras": [
            2
        ]
    },
    {
        "encounter": "encounter_85011",
        "Row_number": 1670,
        "camera": 2,
        "confidence": 0.6143136024475098,
        "visible_cameras": []
    },
    {
        "encounter": "encounter_85243",
        "Row_number": 1684,
        "camera": 1,
        "confidence": 0.8821930885314941,
        "visible_cameras": [
            5
        ]
    },
    {
        "encounter": "encounter_86209",
        "Row_number": 1738,
        "camera": 5,
        "confidence": 0.9212448000907898,
        "visible_cameras": [
            4
        ]
    },
    {
        "encounter": "encounter_87335",
        "Row_number": 1833,
        "camera": 2,
        "confidence": 0.640411376953125,
        "visible_cameras": [
            1
        ]
    },
    {
        "encounter": "encounter_87372",
        "Row_number": 1837,
        "camera": 5,
        "confidence": 0.95790833234787,
        "visible_cameras": [
            4
        ]
    },
    {
        "encounter": "encounter_87683",
        "Row_number": 1856,
        "camera": 3,
        "confidence": 0.8798574805259705,
        "visible_cameras": [
            2
        ]
    },
    {
        "encounter": "encounter_88372",
        "Row_number": 1920,
        "camera": 3,
        "confidence": 0.7816053628921509,
        "visible_cameras": [
            2
        ]
    },
    {
        "encounter": "encounter_88555",
        "Row_number": 1933,
        "camera": 1,
        "confidence": 0.8317707777023315,
        "visible_cameras": [
            5
        ]
    },
    {
        "encounter": "encounter_88786",
        "Row_number": 1949,
        "camera": 4,
        "confidence": 0.7139201760292053,
        "visible_cameras": []
    },
    {
        "encounter": "encounter_89004",
        "Row_number": 1964,
        "camera": 5,
        "confidence": 0.8172463774681091,
        "visible_cameras": [
            4
        ]
    },
    {
        "encounter": "encounter_90096",
        "Row_number": 2055,
        "camera": 5,
        "confidence": 0.8319754004478455,
        "visible_cameras": []
    },
    {
        "encounter": "encounter_90156",
        "Row_number": 2060,
        "camera": 5,
        "confidence": 0.8730704188346863,
        "visible_cameras": [
            4
        ]
    },
    {
        "encounter": "encounter_90220",
        "Row_number": 2066,
        "camera": 3,
        "confidence": 0.7985700368881226,
        "visible_cameras": []
    },
    {
        "encounter": "encounter_90534",
        "Row_number": 2091,
        "camera": 4,
        "confidence": 0.6788758635520935,
        "visible_cameras": []
    },
    {
        "encounter": "encounter_91367",
        "Row_number": 2155,
        "camera": 5,
        "confidence": 0.8768582344055176,
        "visible_cameras": []
    },
    {
        "encounter": "encounter_91539",
        "Row_number": 2172,
        "camera": 2,
        "confidence": 0.919122040271759,
        "visible_cameras": []
    },
    {
        "encounter": "encounter_91865",
        "Row_number": 2192,
        "camera": 5,
        "confidence": 0.8575929403305054,
        "visible_cameras": [
            4
        ]
    },
    {
        "encounter": "encounter_92188",
        "Row_number": 2219,
        "camera": 3,
        "confidence": 0.7510782480239868,
        "visible_cameras": [
            2
        ]
    },
    {
        "encounter": "encounter_92208",
        "Row_number": 2220,
        "camera": 3,
        "confidence": 0.7892376184463501,
        "visible_cameras": [
            2
        ]
    },
    {
        "encounter": "encounter_92457",
        "Row_number": 2242,
        "camera": 2,
        "confidence": 0.7791240811347961,
        "visible_cameras": []
    },
    {
        "encounter": "encounter_92549",
        "Row_number": 2248,
        "camera": 5,
        "confidence": 0.8349474668502808,
        "visible_cameras": []
    },
    {
        "encounter": "encounter_93080",
        "Row_number": 2302,
        "camera": 5,
        "confidence": 0.8098645210266113,
        "visible_cameras": []
    },
    {
        "encounter": "encounter_93410",
        "Row_number": 2321,
        "camera": 5,
        "confidence": 0.8497617840766907,
        "visible_cameras": [
            4
        ]
    },
    {
        "encounter": "encounter_93545",
        "Row_number": 2326,
        "camera": 1,
        "confidence": 0.7819564938545227,
        "visible_cameras": []
    },
    {
        "encounter": "encounter_93968",
        "Row_number": 2360,
        "camera": 3,
        "confidence": 0.8473812341690063,
        "visible_cameras": [
            2
        ]
    },
    {
        "encounter": "encounter_94043",
        "Row_number": 2365,
        "camera": 5,
        "confidence": 0.8622742891311646,
        "visible_cameras": [
            4
        ]
    },
    {
        "encounter": "encounter_94647",
        "Row_number": 2417,
        "camera": 3,
        "confidence": 0.7367797493934631,
        "visible_cameras": []
    },
    {
        "encounter": "encounter_94832",
        "Row_number": 2428,
        "camera": 2,
        "confidence": 0.7569999098777771,
        "visible_cameras": [
            3
        ]
    },
    {
        "encounter": "encounter_95706",
        "Row_number": 2500,
        "camera": 5,
        "confidence": 0.7092705368995667,
        "visible_cameras": []
    }
]