[
    {
        "encounter": "encounter_2040",
        "Row_number": 158,
        "camera": 2,
        "confidence": 0.702239990234375,
        "visible_cameras": [
            4
        ]
    },
    {
        "encounter": "encounter_2529",
        "Row_number": 190,
        "camera": 5,
        "confidence": 0.8253417015075684,
        "visible_cameras": [
            1
        ]
    },
    {
        "encounter": "encounter_2761",
        "Row_number": 214,
        "camera": 3,
        "confidence": 0.7721356153488159,
        "visible_cameras": []
    },
    {
        "encounter": "encounter_3045",
        "Row_number": 240,
        "camera": 2,
        "confidence": 0.8198299407958984,
        "visible_cameras": [
            1
        ]
    },
    {
        "encounter": "encounter_3255",
        "Row_number": 261,
        "camera": 5,
        "confidence": 0.6371132731437683,
        "visible_cameras": [
            4
        ]
    },
    {
        "encounter": "encounter_4190",
        "Row_number": 320,
        "camera": 2,
        "confidence": 0.8326722979545593,
        "visible_cameras": []
    },
    {
        "encounter": "encounter_4757",
        "Row_number": 365,
        "camera": 3,
        "confidence": 0.7888606786727905,
        "visible_cameras": [
            2
        ]
    },
    {
        "encounter": "encounter_4997",
        "Row_number": 385,
        "camera": 1,
        "confidence": 0.6676276326179504,
        "visible_cameras": []
    },
    {
        "encounter": "encounter_5934",
        "Row_number": 464,
        "camera": 1,
        "confidence": 0.7541883587837219,
        "visible_cameras": []
    },
    {
        "encounter": "encounter_6160",
        "Row_number": 481,
        "camera": 5,
        "confidence": 0.812022864818573,
        "visible_cameras": [
            4
        ]
    },
    {
        "encounter": "encounter_6639",
        "Row_number": 522,
        "camera": 1,
        "confidence": 0.7736546993255615,
        "visible_cameras": [
            2
        ]
    },
    {
        "encounter": "encounter_7618",
        "Row_number": 604,
        "camera": 5,
        "confidence": 0.6586699485778809,
        "visible_cameras": []
    },
    {
        "encounter": "encounter_8865",
        "Row_number": 685,
        "camera": 5,
        "confidence": 0.8901590704917908,
        "visible_cameras": [
            4
        ]
    },
    {
        "encounter": "encounter_8895",
        "Row_number": 687,
        "camera": 3,
        "confidence": 0.8788174390792847,
        "visible_cameras": [
            2
        ]
    },
    {
        "encounter": "encounter_9937",
        "Row_number": 761,
        "camera": 1,
        "confidence": 0.8031045794487,
        "visible_cameras": [
            5
        ]
    },
    {
        "encounter": "encounter_9950",
        "Row_number": 763,
        "camera": 3,
        "confidence": 0.8447237610816956,
        "visible_cameras": [
            2
        ]
    },
    {
        "encounter": "encounter_10105",
        "Row_number": 776,
        "camera": 5,
        "confidence": 0.8791265487670898,
        "visible_cameras": [
            4
        ]
    },
    {
        "encounter": "encounter_10745",
        "Row_number": 820,
        "camera": 5,
        "confidence": 0.5866667032241821,
        "visible_cameras": []
    },
    {
        "encounter": "encounter_10920",
        "Row_number": 834,
        "camera": 5,
        "confidence": 0.707866370677948,
        "visible_cameras": [
            4
        ]
    },
    {
        "encounter": "encounter_11133",
        "Row_number": 843,
        "camera": 5,
        "confidence": 0.6838268637657166,
        "visible_cameras": [
            4
        ]
    },
    {
        "encounter": "encounter_11404",
        "Row_number": 875,
        "camera": 2,
        "confidence": 0.5975161194801331,
        "visible_cameras": [
            4,
            5
        ]
    },
    {
        "encounter": "encounter_11516",
        "Row_number": 884,
        "camera": 5,
        "confidence": 0.6648557186126709,
        "visible_cameras": []
    },
    {
        "encounter": "encounter_11816",
        "Row_number": 909,
        "camera": 5,
        "confidence": 0.6145474314689636,
        "visible_cameras": [
            4
        ]
    },
    {
        "encounter": "encounter_11841",
        "Row_number": 910,
        "camera": 5,
        "confidence": 0.7192974090576172,
        "visible_cameras": [
            4
        ]
    },
    {
        "encounter": "encounter_13013",
        "Row_number": 1003,
        "camera": 5,
        "confidence": 0.8553863763809204,
        "visible_cameras": [
            4
        ]
    },
    {
        "encounter": "encounter_13186",
        "Row_number": 1018,
        "camera": 3,
        "confidence": 0.9288936257362366,
        "visible_cameras": [
            2
        ]
    },
    {
        "encounter": "encounter_13724",
        "Row_number": 1069,
        "camera": 1,
        "confidence": 0.8760313987731934,
        "visible_cameras": []
    },
    {
        "encounter": "encounter_14794",
        "Row_number": 1147,
        "camera": 3,
        "confidence": 0.778997540473938,
        "visible_cameras": [
            2
        ]
    },
    {
        "encounter": "encounter_15947",
        "Row_number": 1223,
        "camera": 5,
        "confidence": 0.9029991030693054,
        "visible_cameras": [
            4
        ]
    },
    {
        "encounter": "encounter_16447",
        "Row_number": 1256,
        "camera": 2,
        "confidence": 0.7529600262641907,
        "visible_cameras": []
    },
    {
        "encounter": "encounter_16766",
        "Row_number": 1282,
        "camera": 2,
        "confidence": 0.6185230612754822,
        "visible_cameras": []
    },
    {
        "encounter": "encounter_16790",
        "Row_number": 1285,
        "camera": 3,
        "confidence": 0.8660732507705688,
        "visible_cameras": []
    },
    {
        "encounter": "encounter_17288",
        "Row_number": 1318,
        "camera": 5,
        "confidence": 0.8600907921791077,
        "visible_cameras": []
    },
    {
        "encounter": "encounter_17380",
        "Row_number": 1325,
        "camera": 4,
        "confidence": 0.8529306650161743,
        "visible_cameras": []
    },
    {
        "encounter": "encounter_17397",
        "Row_number": 1328,
        "camera": 5,
        "confidence": 0.8085230588912964,
        "visible_cameras": [
            4
        ]
    },
    {
        "encounter": "encounter_17447",
        "Row_number": 1333,
        "camera": 1,
        "confidence": 0.8799088001251221,
        "visible_cameras": [
            5
        ]
    },
    {
        "encounter": "encounter_19421",
        "Row_number": 1499,
        "camera": 3,
        "confidence": 0.7827750444412231,
        "visible_cameras": [
            2
        ]
    },
    {
        "encounter": "encounter_19885",
        "Row_number": 1538,
        "camera": 3,
        "confidence": 0.6558429002761841,
        "visible_cameras": [
            2
        ]
    },
    {
        "encounter": "encounter_20064",
        "Row_number": 1551,
        "camera": 4,
        "confidence": 0.6862633228302002,
        "visible_cameras": []
    },
    {
        "encounter": "encounter_20342",
        "Row_number": 1581,
        "camera": 2,
        "confidence": 0.8035112619400024,
        "visible_cameras": []
    },
    {
        "encounter": "encounter_20344",
        "Row_number": 1582,
        "camera": 1,
        "confidence": 0.6216856241226196,
        "visible_cameras": [
            4
        ]
    },
    {
        "encounter": "encounter_20435",
        "Row_number": 1587,
        "camera": 2,
        "confidence": 0.666632890701294,
        "visible_cameras": [
            1
        ]
    },
    {
        "encounter": "encounter_20626",
        "Row_number": 1596,
        "camera": 5,
        "confidence": 0.5693097710609436,
        "visible_cameras": []
    },
    {
        "encounter": "encounter_20962",
        "Row_number": 1616,
        "camera": 5,
        "confidence": 0.8866708874702454,
        "visible_cameras": [
            4
        ]
    },
    {
        "encounter": "encounter_21177",
        "Row_number": 1632,
        "camera": 4,
        "confidence": 0.649013340473175,
        "visible_cameras": [
            2,
            3
        ]
    },
    {
        "encounter": "encounter_21319",
        "Row_number": 1651,
        "camera": 2,
        "confidence": 0.5643646121025085,
        "visible_cameras": []
    },
    {
        "encounter": "encounter_21390",
        "Row_number": 1655,
        "camera": 4,
        "confidence": 0.7664264440536499,
        "visible_cameras": []
    },
    {
        "encounter": "encounter_21452",
        "Row_number": 1661,
        "camera": 3,
        "confidence": 0.5664848685264587,
        "visible_cameras": []
    },
    {
        "encounter": "encounter_22382",
        "Row_number": 1733,
        "camera": 5,
        "confidence": 0.782134473323822,
        "visible_cameras": [
            4
        ]
    },
    {
        "encounter": "encounter_24626",
        "Row_number": 1883,
        "camera": 2,
        "confidence": 0.930012822151184,
        "visible_cameras": [
            1
        ]
    },
    {
        "encounter": "encounter_26352",
        "Row_number": 2007,
        "camera": 4,
        "confidence": 0.7378808856010437,
        "visible_cameras": []
    },
    {
        "encounter": "encounter_26460",
        "Row_number": 2019,
        "camera": 4,
        "confidence": 0.6584003567695618,
        "visible_cameras": []
    },
    {
        "encounter": "encounter_27391",
        "Row_number": 2089,
        "camera": 1,
        "confidence": 0.7251505255699158,
        "visible_cameras": []
    },
    {
        "encounter": "encounter_27538",
        "Row_number": 2100,
        "camera": 5,
        "confidence": 0.741482675075531,
        "visible_cameras": [
            4
        ]
    },
    {
        "encounter": "encounter_27585",
        "Row_number": 2105,
        "camera": 3,
        "confidence": 0.8672707080841064,
        "visible_cameras": [
            2
        ]
    },
    {
        "encounter": "encounter_28580",
        "Row_number": 2197,
        "camera": 1,
        "confidence": 0.599446177482605,
        "visible_cameras": [
            5
        ]
    },
    {
        "encounter": "encounter_28835",
        "Row_number": 2219,
        "camera": 5,
        "confidence": 0.7715334892272949,
        "visible_cameras": [
            4
        ]
    },
    {
        "encounter": "encounter_29032",
        "Row_number": 2239,
        "camera": 5,
        "confidence": 0.8676407933235168,
        "visible_cameras": [
            4
        ]
    },
    {
        "encounter": "encounter_29822",
        "Row_number": 2295,
        "camera": 2,
        "confidence": 0.5996206402778625,
        "visible_cameras": []
    },
    {
        "encounter": "encounter_30459",
        "Row_number": 2356,
        "camera": 3,
        "confidence": 0.8507920503616333,
        "visible_cameras": [
            2
        ]
    },
    {
        "encounter": "encounter_31016",
        "Row_number": 2406,
        "camera": 3,
        "confidence": 0.8933355212211609,
        "visible_cameras": [
            2
        ]
    },
    {
        "encounter": "encounter_31064",
        "Row_number": 2412,
        "camera": 3,
        "confidence": 0.6190406680107117,
        "visible_cameras": [
            2
        ]
    },
    {
        "encounter": "encounter_31117",
        "Row_number": 2417,
        "camera": 4,
        "confidence": 0.8852867484092712,
        "visible_cameras": []
    },
    {
        "encounter": "encounter_31273",
        "Row_number": 2431,
        "camera": 5,
        "confidence": 0.5743234157562256,
        "visible_cameras": [
            4
        ]
    },
    {
        "encounter": "encounter_31754",
        "Row_number": 2467,
        "camera": 3,
        "confidence": 0.6206950545310974,
        "visible_cameras": [
            2
        ]
    },
    {
        "encounter": "encounter_31877",
        "Row_number": 2474,
        "camera": 5,
        "confidence": 0.8372974991798401,
        "visible_cameras": [
            4
        ]
    }
]