[
    {
        "encounter": "encounter_4757",
        "Row_number": 365,
        "camera": 3,
        "confidence": 0.801698625087738,
        "visible_cameras": [
            2
        ]
    },
    {
        "encounter": "encounter_4997",
        "Row_number": 385,
        "camera": 1,
        "confidence": 0.5943915247917175,
        "visible_cameras": []
    },
    {
        "encounter": "encounter_7135",
        "Row_number": 567,
        "camera": 3,
        "confidence": 0.8482763171195984,
        "visible_cameras": [
            2
        ]
    },
    {
        "encounter": "encounter_8865",
        "Row_number": 685,
        "camera": 5,
        "confidence": 0.8850582838058472,
        "visible_cameras": [
            4
        ]
    },
    {
        "encounter": "encounter_8895",
        "Row_number": 687,
        "camera": 3,
        "confidence": 0.7743428349494934,
        "visible_cameras": [
            2
        ]
    },
    {
        "encounter": "encounter_9950",
        "Row_number": 763,
        "camera": 3,
        "confidence": 0.6437318325042725,
        "visible_cameras": [
            2
        ]
    },
    {
        "encounter": "encounter_10105",
        "Row_number": 776,
        "camera": 5,
        "confidence": 0.7355449795722961,
        "visible_cameras": [
            4
        ]
    },
    {
        "encounter": "encounter_13013",
        "Row_number": 1003,
        "camera": 5,
        "confidence": 0.8273420333862305,
        "visible_cameras": [
            4
        ]
    },
    {
        "encounter": "encounter_13186",
        "Row_number": 1018,
        "camera": 3,
        "confidence": 0.9340996146202089,
        "visible_cameras": [
            2
        ]
    },
    {
        "encounter": "encounter_15947",
        "Row_number": 1223,
        "camera": 5,
        "confidence": 0.8934920430183411,
        "visible_cameras": [
            4
        ]
    },
    {
        "encounter": "encounter_16679",
        "Row_number": 1272,
        "camera": 3,
        "confidence": 0.7489417791366577,
        "visible_cameras": [
            2
        ]
    },
    {
        "encounter": "encounter_17021",
        "Row_number": 1300,
        "camera": 3,
        "confidence": 0.5780814290046692,
        "visible_cameras": [
            2
        ]
    },
    {
        "encounter": "encounter_17288",
        "Row_number": 1318,
        "camera": 5,
        "confidence": 0.8183237910270691,
        "visible_cameras": []
    },
    {
        "encounter": "encounter_17397",
        "Row_number": 1328,
        "camera": 5,
        "confidence": 0.7705462574958801,
        "visible_cameras": [
            4
        ]
    },
    {
        "encounter": "encounter_19645",
        "Row_number": 1512,
        "camera": 1,
        "confidence": 0.9340257048606871,
        "visible_cameras": [
            5
        ]
    },
    {
        "encounter": "encounter_20064",
        "Row_number": 1551,
        "camera": 4,
        "confidence": 0.6062107086181641,
        "visible_cameras": []
    },
    {
        "encounter": "encounter_20342",
        "Row_number": 1581,
        "camera": 2,
        "confidence": 0.6049720048904419,
        "visible_cameras": []
    },
    {
        "encounter": "encounter_20962",
        "Row_number": 1616,
        "camera": 5,
        "confidence": 0.8750398755073547,
        "visible_cameras": [
            4
        ]
    },
    {
        "encounter": "encounter_21667",
        "Row_number": 1677,
        "camera": 5,
        "confidence": 0.7744477987289429,
        "visible_cameras": []
    },
    {
        "encounter": "encounter_24626",
        "Row_number": 1883,
        "camera": 2,
        "confidence": 0.9345625042915344,
        "visible_cameras": [
            1
        ]
    },
    {
        "encounter": "encounter_27585",
        "Row_number": 2105,
        "camera": 3,
        "confidence": 0.5828571915626526,
        "visible_cameras": [
            2
        ]
    },
    {
        "encounter": "encounter_27688",
        "Row_number": 2115,
        "camera": 2,
        "confidence": 0.784220278263092,
        "visible_cameras": [
            5
        ]
    },
    {
        "encounter": "encounter_28522",
        "Row_number": 2191,
        "camera": 2,
        "confidence": 0.7235332727432251,
        "visible_cameras": []
    },
    {
        "encounter": "encounter_29032",
        "Row_number": 2239,
        "camera": 5,
        "confidence": 0.886259913444519,
        "visible_cameras": [
            4
        ]
    },
    {
        "encounter": "encounter_30137",
        "Row_number": 2328,
        "camera": 2,
        "confidence": 0.5560299754142761,
        "visible_cameras": [
            4
        ]
    },
    {
        "encounter": "encounter_31016",
        "Row_number": 2406,
        "camera": 3,
        "confidence": 0.8745295405387878,
        "visible_cameras": [
            2
        ]
    },
    {
        "encounter": "encounter_31117",
        "Row_number": 2417,
        "camera": 4,
        "confidence": 0.7511217594146729,
        "visible_cameras": []
    },
    {
        "encounter": "encounter_31754",
        "Row_number": 2467,
        "camera": 3,
        "confidence": 0.706331729888916,
        "visible_cameras": [
            2
        ]
    },
    {
        "encounter": "encounter_31877",
        "Row_number": 2474,
        "camera": 5,
        "confidence": 0.8794295787811279,
        "visible_cameras": [
            4
        ]
    }
]