[
    {
        "encounter": "encounter_64336",
        "Row_number": 19,
        "camera": 3,
        "confidence": 0.8533189296722412,
        "visible_cameras": [
            2
        ]
    },
    {
        "encounter": "encounter_64445",
        "Row_number": 27,
        "camera": 4,
        "confidence": 0.7647550702095032,
        "visible_cameras": [
            2
        ]
    },
    {
        "encounter": "encounter_65627",
        "Row_number": 128,
        "camera": 2,
        "confidence": 0.7861517071723938,
        "visible_cameras": []
    },
    {
        "encounter": "encounter_65917",
        "Row_number": 161,
        "camera": 2,
        "confidence": 0.6340793967247009,
        "visible_cameras": []
    },
    {
        "encounter": "encounter_66827",
        "Row_number": 236,
        "camera": 4,
        "confidence": 0.7994632720947266,
        "visible_cameras": []
    },
    {
        "encounter": "encounter_66877",
        "Row_number": 241,
        "camera": 2,
        "confidence": 0.7126860022544861,
        "visible_cameras": []
    },
    {
        "encounter": "encounter_67115",
        "Row_number": 258,
        "camera": 5,
        "confidence": 0.8789964914321899,
        "visible_cameras": [
            4
        ]
    },
    {
        "encounter": "encounter_67580",
        "Row_number": 296,
        "camera": 2,
        "confidence": 0.8750595450401306,
        "visible_cameras": [
            1
        ]
    },
    {
        "encounter": "encounter_67590",
        "Row_number": 297,
        "camera": 4,
        "confidence": 0.8036701083183289,
        "visible_cameras": []
    },
    {
        "encounter": "encounter_67856",
        "Row_number": 321,
        "camera": 5,
        "confidence": 0.7640061974525452,
        "visible_cameras": [
            4
        ]
    },
    {
        "encounter": "encounter_68238",
        "Row_number": 348,
        "camera": 3,
        "confidence": 0.911846160888672,
        "visible_cameras": [
            2
        ]
    },
    {
        "encounter": "encounter_68279",
        "Row_number": 351,
        "camera": 2,
        "confidence": 0.7898951768875122,
        "visible_cameras": []
    },
    {
        "encounter": "encounter_68543",
        "Row_number": 371,
        "camera": 1,
        "confidence": 0.8089019656181335,
        "visible_cameras": [
            5
        ]
    },
    {
        "encounter": "encounter_68704",
        "Row_number": 380,
        "camera": 3,
        "confidence": 0.748166024684906,
        "visible_cameras": []
    },
    {
        "encounter": "encounter_69363",
        "Row_number": 435,
        "camera": 1,
        "confidence": 0.8865310549736023,
        "visible_cameras": [
            5
        ]
    },
    {
        "encounter": "encounter_69408",
        "Row_number": 439,
        "camera": 3,
        "confidence": 0.6240814328193665,
        "visible_cameras": [
            2
        ]
    },
    {
        "encounter": "encounter_69581",
        "Row_number": 458,
        "camera": 2,
        "confidence": 0.7982784509658813,
        "visible_cameras": []
    },
    {
        "encounter": "encounter_70038",
        "Row_number": 494,
        "camera": 5,
        "confidence": 0.8899217247962952,
        "visible_cameras": []
    },
    {
        "encounter": "encounter_70193",
        "Row_number": 509,
        "camera": 1,
        "confidence": 0.5691769123077393,
        "visible_cameras": []
    },
    {
        "encounter": "encounter_70223",
        "Row_number": 510,
        "camera": 1,
        "confidence": 0.8712851405143738,
        "visible_cameras": [
            5
        ]
    },
    {
        "encounter": "encounter_70617",
        "Row_number": 542,
        "camera": 3,
        "confidence": 0.855644166469574,
        "visible_cameras": [
            2
        ]
    },
    {
        "encounter": "encounter_70701",
        "Row_number": 550,
        "camera": 1,
        "confidence": 0.7051469683647156,
        "visible_cameras": []
    },
    {
        "encounter": "encounter_71042",
        "Row_number": 567,
        "camera": 3,
        "confidence": 0.9268800020217896,
        "visible_cameras": [
            2
        ]
    },
    {
        "encounter": "encounter_71068",
        "Row_number": 570,
        "camera": 5,
        "confidence": 0.7969497442245483,
        "visible_cameras": [
            3
        ]
    },
    {
        "encounter": "encounter_71404",
        "Row_number": 597,
        "camera": 5,
        "confidence": 0.6429476141929626,
        "visible_cameras": []
    },
    {
        "encounter": "encounter_71677",
        "Row_number": 622,
        "camera": 1,
        "confidence": 0.5693424940109253,
        "visible_cameras": []
    },
    {
        "encounter": "encounter_71833",
        "Row_number": 634,
        "camera": 5,
        "confidence": 0.9371358156204224,
        "visible_cameras": [
            4
        ]
    },
    {
        "encounter": "encounter_72142",
        "Row_number": 653,
        "camera": 4,
        "confidence": 0.868496298789978,
        "visible_cameras": []
    },
    {
        "encounter": "encounter_72509",
        "Row_number": 681,
        "camera": 2,
        "confidence": 0.8791571259498596,
        "visible_cameras": [
            1
        ]
    },
    {
        "encounter": "encounter_72914",
        "Row_number": 703,
        "camera": 4,
        "confidence": 0.7275862097740173,
        "visible_cameras": []
    },
    {
        "encounter": "encounter_73488",
        "Row_number": 747,
        "camera": 3,
        "confidence": 0.7335456609725952,
        "visible_cameras": [
            2
        ]
    },
    {
        "encounter": "encounter_73582",
        "Row_number": 754,
        "camera": 5,
        "confidence": 0.7445029616355896,
        "visible_cameras": [
            2
        ]
    },
    {
        "encounter": "encounter_73808",
        "Row_number": 776,
        "camera": 5,
        "confidence": 0.7321256399154663,
        "visible_cameras": [
            4
        ]
    },
    {
        "encounter": "encounter_74130",
        "Row_number": 803,
        "camera": 5,
        "confidence": 0.7884889245033264,
        "visible_cameras": [
            4
        ]
    },
    {
        "encounter": "encounter_74645",
        "Row_number": 847,
        "camera": 5,
        "confidence": 0.8242795467376709,
        "visible_cameras": []
    },
    {
        "encounter": "encounter_74728",
        "Row_number": 853,
        "camera": 5,
        "confidence": 0.8198105096817017,
        "visible_cameras": [
            4
        ]
    },
    {
        "encounter": "encounter_74828",
        "Row_number": 861,
        "camera": 1,
        "confidence": 0.7148417830467224,
        "visible_cameras": [
            5
        ]
    },
    {
        "encounter": "encounter_75163",
        "Row_number": 886,
        "camera": 1,
        "confidence": 0.72198885679245,
        "visible_cameras": [
            5
        ]
    },
    {
        "encounter": "encounter_75288",
        "Row_number": 899,
        "camera": 3,
        "confidence": 0.8598468899726868,
        "visible_cameras": [
            2
        ]
    },
    {
        "encounter": "encounter_76419",
        "Row_number": 988,
        "camera": 5,
        "confidence": 0.8953227996826172,
        "visible_cameras": [
            4
        ]
    },
    {
        "encounter": "encounter_76460",
        "Row_number": 994,
        "camera": 4,
        "confidence": 0.7352683544158936,
        "visible_cameras": []
    },
    {
        "encounter": "encounter_76592",
        "Row_number": 1009,
        "camera": 1,
        "confidence": 0.6810342669487,
        "visible_cameras": []
    },
    {
        "encounter": "encounter_77371",
        "Row_number": 1065,
        "camera": 4,
        "confidence": 0.6522829532623291,
        "visible_cameras": [
            3
        ]
    },
    {
        "encounter": "encounter_77459",
        "Row_number": 1074,
        "camera": 2,
        "confidence": 0.7139051556587219,
        "visible_cameras": []
    },
    {
        "encounter": "encounter_77529",
        "Row_number": 1080,
        "camera": 5,
        "confidence": 0.8845528960227966,
        "visible_cameras": [
            4
        ]
    },
    {
        "encounter": "encounter_77745",
        "Row_number": 1098,
        "camera": 5,
        "confidence": 0.7025139331817627,
        "visible_cameras": [
            4
        ]
    },
    {
        "encounter": "encounter_77972",
        "Row_number": 1120,
        "camera": 3,
        "confidence": 0.8588692545890808,
        "visible_cameras": [
            2
        ]
    },
    {
        "encounter": "encounter_78043",
        "Row_number": 1125,
        "camera": 4,
        "confidence": 0.8022512197494507,
        "visible_cameras": []
    },
    {
        "encounter": "encounter_78445",
        "Row_number": 1156,
        "camera": 2,
        "confidence": 0.5676543712615967,
        "visible_cameras": []
    },
    {
        "encounter": "encounter_78579",
        "Row_number": 1168,
        "camera": 5,
        "confidence": 0.8518415093421936,
        "visible_cameras": [
            4
        ]
    },
    {
        "encounter": "encounter_78891",
        "Row_number": 1187,
        "camera": 5,
        "confidence": 0.7265605330467224,
        "visible_cameras": [
            4
        ]
    },
    {
        "encounter": "encounter_79037",
        "Row_number": 1195,
        "camera": 5,
        "confidence": 0.8444399237632751,
        "visible_cameras": [
            4
        ]
    },
    {
        "encounter": "encounter_79275",
        "Row_number": 1215,
        "camera": 5,
        "confidence": 0.8844404220581055,
        "visible_cameras": [
            4
        ]
    },
    {
        "encounter": "encounter_79339",
        "Row_number": 1219,
        "camera": 5,
        "confidence": 0.5912050008773804,
        "visible_cameras": [
            4
        ]
    },
    {
        "encounter": "encounter_80466",
        "Row_number": 1299,
        "camera": 4,
        "confidence": 0.7789560556411743,
        "visible_cameras": [
            3
        ]
    },
    {
        "encounter": "encounter_80627",
        "Row_number": 1312,
        "camera": 3,
        "confidence": 0.5512521862983704,
        "visible_cameras": [
            4
        ]
    },
    {
        "encounter": "encounter_80780",
        "Row_number": 1325,
        "camera": 2,
        "confidence": 0.5745968818664551,
        "visible_cameras": []
    },
    {
        "encounter": "encounter_81873",
        "Row_number": 1426,
        "camera": 4,
        "confidence": 0.8325436115264893,
        "visible_cameras": []
    },
    {
        "encounter": "encounter_82315",
        "Row_number": 1454,
        "camera": 2,
        "confidence": 0.9075772762298584,
        "visible_cameras": []
    },
    {
        "encounter": "encounter_82594",
        "Row_number": 1483,
        "camera": 5,
        "confidence": 0.658601701259613,
        "visible_cameras": [
            4
        ]
    },
    {
        "encounter": "encounter_83036",
        "Row_number": 1522,
        "camera": 1,
        "confidence": 0.9418096542358398,
        "visible_cameras": []
    },
    {
        "encounter": "encounter_83912",
        "Row_number": 1586,
        "camera": 3,
        "confidence": 0.6597055792808533,
        "visible_cameras": [
            2
        ]
    },
    {
        "encounter": "encounter_84271",
        "Row_number": 1611,
        "camera": 5,
        "confidence": 0.7837784290313721,
        "visible_cameras": [
            4
        ]
    },
    {
        "encounter": "encounter_84474",
        "Row_number": 1628,
        "camera": 3,
        "confidence": 0.7765961289405823,
        "visible_cameras": [
            2
        ]
    },
    {
        "encounter": "encounter_85243",
        "Row_number": 1684,
        "camera": 1,
        "confidence": 0.8889983296394348,
        "visible_cameras": [
            5
        ]
    },
    {
        "encounter": "encounter_86209",
        "Row_number": 1738,
        "camera": 5,
        "confidence": 0.9261622428894044,
        "visible_cameras": [
            4
        ]
    },
    {
        "encounter": "encounter_86995",
        "Row_number": 1795,
        "camera": 4,
        "confidence": 0.8169502019882202,
        "visible_cameras": []
    },
    {
        "encounter": "encounter_87214",
        "Row_number": 1818,
        "camera": 1,
        "confidence": 0.7994892597198486,
        "visible_cameras": [
            4
        ]
    },
    {
        "encounter": "encounter_87372",
        "Row_number": 1837,
        "camera": 5,
        "confidence": 0.9563415050506592,
        "visible_cameras": [
            4
        ]
    },
    {
        "encounter": "encounter_87683",
        "Row_number": 1856,
        "camera": 3,
        "confidence": 0.8551806211471558,
        "visible_cameras": [
            2
        ]
    },
    {
        "encounter": "encounter_87928",
        "Row_number": 1875,
        "camera": 2,
        "confidence": 0.8086011409759521,
        "visible_cameras": [
            3,
            4
        ]
    },
    {
        "encounter": "encounter_88372",
        "Row_number": 1920,
        "camera": 3,
        "confidence": 0.8101429343223572,
        "visible_cameras": [
            2
        ]
    },
    {
        "encounter": "encounter_88555",
        "Row_number": 1933,
        "camera": 1,
        "confidence": 0.8621231317520142,
        "visible_cameras": [
            5
        ]
    },
    {
        "encounter": "encounter_88786",
        "Row_number": 1949,
        "camera": 4,
        "confidence": 0.7421467304229736,
        "visible_cameras": []
    },
    {
        "encounter": "encounter_89004",
        "Row_number": 1964,
        "camera": 5,
        "confidence": 0.7601860761642456,
        "visible_cameras": [
            4
        ]
    },
    {
        "encounter": "encounter_89966",
        "Row_number": 2046,
        "camera": 1,
        "confidence": 0.598942756652832,
        "visible_cameras": []
    },
    {
        "encounter": "encounter_90096",
        "Row_number": 2055,
        "camera": 5,
        "confidence": 0.836178183555603,
        "visible_cameras": []
    },
    {
        "encounter": "encounter_90156",
        "Row_number": 2060,
        "camera": 5,
        "confidence": 0.8454331755638123,
        "visible_cameras": [
            4
        ]
    },
    {
        "encounter": "encounter_90220",
        "Row_number": 2066,
        "camera": 3,
        "confidence": 0.8341285586357117,
        "visible_cameras": []
    },
    {
        "encounter": "encounter_90437",
        "Row_number": 2080,
        "camera": 3,
        "confidence": 0.7982451319694519,
        "visible_cameras": [
            2
        ]
    },
    {
        "encounter": "encounter_90534",
        "Row_number": 2091,
        "camera": 4,
        "confidence": 0.7707369327545166,
        "visible_cameras": []
    },
    {
        "encounter": "encounter_91367",
        "Row_number": 2155,
        "camera": 5,
        "confidence": 0.8829679489135742,
        "visible_cameras": []
    },
    {
        "encounter": "encounter_91539",
        "Row_number": 2172,
        "camera": 2,
        "confidence": 0.9229821562767028,
        "visible_cameras": []
    },
    {
        "encounter": "encounter_91829",
        "Row_number": 2187,
        "camera": 5,
        "confidence": 0.559756875038147,
        "visible_cameras": [
            4
        ]
    },
    {
        "encounter": "encounter_91844",
        "Row_number": 2189,
        "camera": 4,
        "confidence": 0.8096935153007507,
        "visible_cameras": []
    },
    {
        "encounter": "encounter_91865",
        "Row_number": 2192,
        "camera": 5,
        "confidence": 0.8368223905563354,
        "visible_cameras": [
            4
        ]
    },
    {
        "encounter": "encounter_92188",
        "Row_number": 2219,
        "camera": 3,
        "confidence": 0.7887360453605652,
        "visible_cameras": [
            2
        ]
    },
    {
        "encounter": "encounter_92208",
        "Row_number": 2220,
        "camera": 3,
        "confidence": 0.6967570781707764,
        "visible_cameras": [
            2
        ]
    },
    {
        "encounter": "encounter_92457",
        "Row_number": 2242,
        "camera": 2,
        "confidence": 0.8239609599113464,
        "visible_cameras": []
    },
    {
        "encounter": "encounter_92565",
        "Row_number": 2249,
        "camera": 1,
        "confidence": 0.562341034412384,
        "visible_cameras": []
    },
    {
        "encounter": "encounter_93080",
        "Row_number": 2302,
        "camera": 5,
        "confidence": 0.8682248592376709,
        "visible_cameras": []
    },
    {
        "encounter": "encounter_93410",
        "Row_number": 2321,
        "camera": 5,
        "confidence": 0.910693883895874,
        "visible_cameras": [
            4
        ]
    },
    {
        "encounter": "encounter_93545",
        "Row_number": 2326,
        "camera": 1,
        "confidence": 0.7448002696037292,
        "visible_cameras": []
    },
    {
        "encounter": "encounter_93968",
        "Row_number": 2360,
        "camera": 3,
        "confidence": 0.8051241040229797,
        "visible_cameras": [
            2
        ]
    },
    {
        "encounter": "encounter_94043",
        "Row_number": 2365,
        "camera": 5,
        "confidence": 0.860923171043396,
        "visible_cameras": [
            4
        ]
    },
    {
        "encounter": "encounter_94524",
        "Row_number": 2411,
        "camera": 5,
        "confidence": 0.6759409308433533,
        "visible_cameras": [
            4
        ]
    },
    {
        "encounter": "encounter_94647",
        "Row_number": 2417,
        "camera": 3,
        "confidence": 0.6478238701820374,
        "visible_cameras": []
    },
    {
        "encounter": "encounter_94832",
        "Row_number": 2428,
        "camera": 2,
        "confidence": 0.850021243095398,
        "visible_cameras": [
            3
        ]
    },
    {
        "encounter": "encounter_95654",
        "Row_number": 2495,
        "camera": 4,
        "confidence": 0.6919012665748596,
        "visible_cameras": []
    }
]