[
    {
        "encounter": "encounter_32609",
        "Row_number": 34,
        "camera": 5,
        "confidence": 0.86073237657547,
        "visible_cameras": [
            4
        ]
    },
    {
        "encounter": "encounter_33692",
        "Row_number": 132,
        "camera": 3,
        "confidence": 0.769070565700531,
        "visible_cameras": []
    },
    {
        "encounter": "encounter_36808",
        "Row_number": 370,
        "camera": 2,
        "confidence": 0.57510894536972,
        "visible_cameras": []
    },
    {
        "encounter": "encounter_38815",
        "Row_number": 528,
        "camera": 2,
        "confidence": 0.556073069572449,
        "visible_cameras": [
            3
        ]
    },
    {
        "encounter": "encounter_40204",
        "Row_number": 640,
        "camera": 4,
        "confidence": 0.633469879627228,
        "visible_cameras": []
    },
    {
        "encounter": "encounter_42273",
        "Row_number": 808,
        "camera": 5,
        "confidence": 0.765401959419251,
        "visible_cameras": []
    },
    {
        "encounter": "encounter_42778",
        "Row_number": 853,
        "camera": 5,
        "confidence": 0.787118315696716,
        "visible_cameras": [
            2,
            3
        ]
    },
    {
        "encounter": "encounter_47059",
        "Row_number": 1195,
        "camera": 3,
        "confidence": 0.87908262014389,
        "visible_cameras": [
            2
        ]
    },
    {
        "encounter": "encounter_47903",
        "Row_number": 1261,
        "camera": 3,
        "confidence": 0.820083379745483,
        "visible_cameras": []
    },
    {
        "encounter": "encounter_49255",
        "Row_number": 1373,
        "camera": 5,
        "confidence": 0.685510039329529,
        "visible_cameras": [
            4
        ]
    },
    {
        "encounter": "encounter_51527",
        "Row_number": 1532,
        "camera": 3,
        "confidence": 0.673943638801575,
        "visible_cameras": [
            2
        ]
    },
    {
        "encounter": "encounter_51909",
        "Row_number": 1558,
        "camera": 5,
        "confidence": 0.892768740653992,
        "visible_cameras": [
            4
        ]
    },
    {
        "encounter": "encounter_52051",
        "Row_number": 1573,
        "camera": 2,
        "confidence": 0.838943123817444,
        "visible_cameras": []
    },
    {
        "encounter": "encounter_52449",
        "Row_number": 1602,
        "camera": 5,
        "confidence": 0.866854131221771,
        "visible_cameras": [
            4
        ]
    },
    {
        "encounter": "encounter_53211",
        "Row_number": 1660,
        "camera": 2,
        "confidence": 0.643900871276856,
        "visible_cameras": [
            4
        ]
    },
    {
        "encounter": "encounter_53410",
        "Row_number": 1679,
        "camera": 5,
        "confidence": 0.820103466510773,
        "visible_cameras": [
            4
        ]
    },
    {
        "encounter": "encounter_57625",
        "Row_number": 1992,
        "camera": 4,
        "confidence": 0.927778661251068,
        "visible_cameras": []
    },
    {
        "encounter": "encounter_58670",
        "Row_number": 2059,
        "camera": 1,
        "confidence": 0.717280387878418,
        "visible_cameras": [
            5
        ]
    },
    {
        "encounter": "encounter_60406",
        "Row_number": 2204,
        "camera": 5,
        "confidence": 0.774392187595367,
        "visible_cameras": []
    },
    {
        "encounter": "encounter_62306",
        "Row_number": 2354,
        "camera": 2,
        "confidence": 0.688107907772064,
        "visible_cameras": [
            3,
            4
        ]
    },
    {
        "encounter": "encounter_62581",
        "Row_number": 2380,
        "camera": 5,
        "confidence": 0.813357591629028,
        "visible_cameras": []
    },
    {
        "encounter": "encounter_64042",
        "Row_number": 2493,
        "camera": 2,
        "confidence": 0.769459545612335,
        "visible_cameras": [
            1,
            5
        ]
    }
]