[
    {
        "encounter": "encounter_64336",
        "Row_number": 19,
        "camera": 3,
        "confidence": 0.6750374436378479,
        "visible_cameras": [
            2
        ]
    },
    {
        "encounter": "encounter_65083",
        "Row_number": 79,
        "camera": 5,
        "confidence": 0.5723761916160583,
        "visible_cameras": []
    },
    {
        "encounter": "encounter_66827",
        "Row_number": 236,
        "camera": 4,
        "confidence": 0.934657096862793,
        "visible_cameras": []
    },
    {
        "encounter": "encounter_67580",
        "Row_number": 296,
        "camera": 2,
        "confidence": 0.8052316904067993,
        "visible_cameras": [
            1
        ]
    },
    {
        "encounter": "encounter_68238",
        "Row_number": 348,
        "camera": 3,
        "confidence": 0.7705799341201782,
        "visible_cameras": [
            2
        ]
    },
    {
        "encounter": "encounter_68279",
        "Row_number": 351,
        "camera": 2,
        "confidence": 0.6340604424476624,
        "visible_cameras": []
    },
    {
        "encounter": "encounter_69363",
        "Row_number": 435,
        "camera": 1,
        "confidence": 0.8480954766273499,
        "visible_cameras": [
            5
        ]
    },
    {
        "encounter": "encounter_70038",
        "Row_number": 494,
        "camera": 5,
        "confidence": 0.8308225274085999,
        "visible_cameras": []
    },
    {
        "encounter": "encounter_70223",
        "Row_number": 510,
        "camera": 1,
        "confidence": 0.7907994389533997,
        "visible_cameras": [
            5
        ]
    },
    {
        "encounter": "encounter_70617",
        "Row_number": 542,
        "camera": 3,
        "confidence": 0.579075276851654,
        "visible_cameras": [
            2
        ]
    },
    {
        "encounter": "encounter_71042",
        "Row_number": 567,
        "camera": 3,
        "confidence": 0.9271411299705504,
        "visible_cameras": [
            2
        ]
    },
    {
        "encounter": "encounter_71833",
        "Row_number": 634,
        "camera": 5,
        "confidence": 0.9021430611610411,
        "visible_cameras": [
            4
        ]
    },
    {
        "encounter": "encounter_73488",
        "Row_number": 747,
        "camera": 3,
        "confidence": 0.8352247476577759,
        "visible_cameras": [
            2
        ]
    },
    {
        "encounter": "encounter_73776",
        "Row_number": 771,
        "camera": 5,
        "confidence": 0.7680101990699768,
        "visible_cameras": [
            4
        ]
    },
    {
        "encounter": "encounter_74130",
        "Row_number": 803,
        "camera": 5,
        "confidence": 0.9340173602104188,
        "visible_cameras": [
            4
        ]
    },
    {
        "encounter": "encounter_74645",
        "Row_number": 847,
        "camera": 5,
        "confidence": 0.6420269012451172,
        "visible_cameras": []
    },
    {
        "encounter": "encounter_74728",
        "Row_number": 853,
        "camera": 5,
        "confidence": 0.629236102104187,
        "visible_cameras": [
            4
        ]
    },
    {
        "encounter": "encounter_75163",
        "Row_number": 886,
        "camera": 1,
        "confidence": 0.7507234215736389,
        "visible_cameras": [
            5
        ]
    },
    {
        "encounter": "encounter_75538",
        "Row_number": 925,
        "camera": 5,
        "confidence": 0.8098664283752441,
        "visible_cameras": []
    },
    {
        "encounter": "encounter_76419",
        "Row_number": 988,
        "camera": 5,
        "confidence": 0.8800815939903259,
        "visible_cameras": [
            4
        ]
    },
    {
        "encounter": "encounter_77745",
        "Row_number": 1098,
        "camera": 5,
        "confidence": 0.6006025075912476,
        "visible_cameras": [
            4
        ]
    },
    {
        "encounter": "encounter_77972",
        "Row_number": 1120,
        "camera": 3,
        "confidence": 0.7933496832847595,
        "visible_cameras": [
            2
        ]
    },
    {
        "encounter": "encounter_79037",
        "Row_number": 1195,
        "camera": 5,
        "confidence": 0.8434971570968628,
        "visible_cameras": [
            4
        ]
    },
    {
        "encounter": "encounter_79275",
        "Row_number": 1215,
        "camera": 5,
        "confidence": 0.8778738379478455,
        "visible_cameras": [
            4
        ]
    },
    {
        "encounter": "encounter_79776",
        "Row_number": 1254,
        "camera": 3,
        "confidence": 0.8003703355789185,
        "visible_cameras": [
            2
        ]
    },
    {
        "encounter": "encounter_80780",
        "Row_number": 1325,
        "camera": 2,
        "confidence": 0.6497340202331543,
        "visible_cameras": []
    },
    {
        "encounter": "encounter_82315",
        "Row_number": 1454,
        "camera": 2,
        "confidence": 0.769374668598175,
        "visible_cameras": []
    },
    {
        "encounter": "encounter_83036",
        "Row_number": 1522,
        "camera": 1,
        "confidence": 0.9252006411552428,
        "visible_cameras": []
    },
    {
        "encounter": "encounter_83628",
        "Row_number": 1570,
        "camera": 1,
        "confidence": 0.5712546706199646,
        "visible_cameras": [
            4
        ]
    },
    {
        "encounter": "encounter_83912",
        "Row_number": 1586,
        "camera": 3,
        "confidence": 0.7848166823387146,
        "visible_cameras": [
            2
        ]
    },
    {
        "encounter": "encounter_84271",
        "Row_number": 1611,
        "camera": 5,
        "confidence": 0.7781777381896973,
        "visible_cameras": [
            4
        ]
    },
    {
        "encounter": "encounter_85243",
        "Row_number": 1684,
        "camera": 1,
        "confidence": 0.8376065492630005,
        "visible_cameras": [
            5
        ]
    },
    {
        "encounter": "encounter_86209",
        "Row_number": 1738,
        "camera": 5,
        "confidence": 0.9035536050796508,
        "visible_cameras": [
            4
        ]
    },
    {
        "encounter": "encounter_87372",
        "Row_number": 1837,
        "camera": 5,
        "confidence": 0.9452152848243712,
        "visible_cameras": [
            4
        ]
    },
    {
        "encounter": "encounter_87683",
        "Row_number": 1856,
        "camera": 3,
        "confidence": 0.8541969656944275,
        "visible_cameras": [
            2
        ]
    },
    {
        "encounter": "encounter_87928",
        "Row_number": 1875,
        "camera": 1,
        "confidence": 0.5927253365516663,
        "visible_cameras": [
            3,
            4
        ]
    },
    {
        "encounter": "encounter_88003",
        "Row_number": 1881,
        "camera": 2,
        "confidence": 0.5892577767372131,
        "visible_cameras": []
    },
    {
        "encounter": "encounter_90156",
        "Row_number": 2060,
        "camera": 5,
        "confidence": 0.8285773396492004,
        "visible_cameras": [
            4
        ]
    },
    {
        "encounter": "encounter_91367",
        "Row_number": 2155,
        "camera": 5,
        "confidence": 0.8230595588684082,
        "visible_cameras": []
    },
    {
        "encounter": "encounter_91539",
        "Row_number": 2172,
        "camera": 2,
        "confidence": 0.9149577617645264,
        "visible_cameras": []
    },
    {
        "encounter": "encounter_91865",
        "Row_number": 2192,
        "camera": 5,
        "confidence": 0.6586787104606628,
        "visible_cameras": [
            4
        ]
    },
    {
        "encounter": "encounter_92052",
        "Row_number": 2211,
        "camera": 5,
        "confidence": 0.726426899433136,
        "visible_cameras": []
    },
    {
        "encounter": "encounter_93410",
        "Row_number": 2321,
        "camera": 5,
        "confidence": 0.8526743650436401,
        "visible_cameras": [
            4
        ]
    },
    {
        "encounter": "encounter_95423",
        "Row_number": 2473,
        "camera": 3,
        "confidence": 0.5587121248245239,
        "visible_cameras": [
            2
        ]
    },
    {
        "encounter": "encounter_95667",
        "Row_number": 2497,
        "camera": 2,
        "confidence": 0.5864072442054749,
        "visible_cameras": [
            4
        ]
    }
]