[
    {
        "encounter": "encounter_32286",
        "Row_number": 15,
        "camera": 3,
        "confidence": 0.7781423330307007,
        "visible_cameras": [
            2
        ]
    },
    {
        "encounter": "encounter_32999",
        "Row_number": 73,
        "camera": 2,
        "confidence": 0.7734355926513672,
        "visible_cameras": []
    },
    {
        "encounter": "encounter_33155",
        "Row_number": 86,
        "camera": 5,
        "confidence": 0.8489916324615479,
        "visible_cameras": [
            4
        ]
    },
    {
        "encounter": "encounter_33364",
        "Row_number": 104,
        "camera": 4,
        "confidence": 0.5575830340385437,
        "visible_cameras": []
    },
    {
        "encounter": "encounter_33465",
        "Row_number": 112,
        "camera": 5,
        "confidence": 0.8278099298477173,
        "visible_cameras": [
            4
        ]
    },
    {
        "encounter": "encounter_33692",
        "Row_number": 132,
        "camera": 3,
        "confidence": 0.8990630507469177,
        "visible_cameras": []
    },
    {
        "encounter": "encounter_33942",
        "Row_number": 144,
        "camera": 5,
        "confidence": 0.8715431690216064,
        "visible_cameras": [
            4
        ]
    },
    {
        "encounter": "encounter_34375",
        "Row_number": 173,
        "camera": 5,
        "confidence": 0.8610361218452454,
        "visible_cameras": [
            4
        ]
    },
    {
        "encounter": "encounter_34406",
        "Row_number": 178,
        "camera": 3,
        "confidence": 0.8213872909545898,
        "visible_cameras": []
    },
    {
        "encounter": "encounter_35148",
        "Row_number": 237,
        "camera": 5,
        "confidence": 0.8063074946403503,
        "visible_cameras": [
            4
        ]
    },
    {
        "encounter": "encounter_35380",
        "Row_number": 255,
        "camera": 1,
        "confidence": 0.7745234370231628,
        "visible_cameras": [
            5
        ]
    },
    {
        "encounter": "encounter_35429",
        "Row_number": 257,
        "camera": 5,
        "confidence": 0.8016604781150818,
        "visible_cameras": [
            4
        ]
    },
    {
        "encounter": "encounter_35458",
        "Row_number": 260,
        "camera": 5,
        "confidence": 0.7905876636505127,
        "visible_cameras": []
    },
    {
        "encounter": "encounter_35571",
        "Row_number": 265,
        "camera": 5,
        "confidence": 0.7935522198677063,
        "visible_cameras": []
    },
    {
        "encounter": "encounter_36380",
        "Row_number": 337,
        "camera": 5,
        "confidence": 0.7532355189323425,
        "visible_cameras": [
            4
        ]
    },
    {
        "encounter": "encounter_36499",
        "Row_number": 345,
        "camera": 5,
        "confidence": 0.5622802376747131,
        "visible_cameras": [
            4
        ]
    },
    {
        "encounter": "encounter_36580",
        "Row_number": 351,
        "camera": 5,
        "confidence": 0.592155396938324,
        "visible_cameras": [
            4
        ]
    },
    {
        "encounter": "encounter_36620",
        "Row_number": 356,
        "camera": 4,
        "confidence": 0.6743634343147278,
        "visible_cameras": []
    },
    {
        "encounter": "encounter_36737",
        "Row_number": 364,
        "camera": 4,
        "confidence": 0.7918965220451355,
        "visible_cameras": []
    },
    {
        "encounter": "encounter_36808",
        "Row_number": 370,
        "camera": 1,
        "confidence": 0.7320906519889832,
        "visible_cameras": []
    },
    {
        "encounter": "encounter_37191",
        "Row_number": 401,
        "camera": 3,
        "confidence": 0.8328604698181152,
        "visible_cameras": []
    },
    {
        "encounter": "encounter_37217",
        "Row_number": 402,
        "camera": 4,
        "confidence": 0.7161662578582764,
        "visible_cameras": []
    },
    {
        "encounter": "encounter_37414",
        "Row_number": 413,
        "camera": 2,
        "confidence": 0.864677906036377,
        "visible_cameras": []
    },
    {
        "encounter": "encounter_38406",
        "Row_number": 494,
        "camera": 2,
        "confidence": 0.8223423361778259,
        "visible_cameras": []
    },
    {
        "encounter": "encounter_38416",
        "Row_number": 495,
        "camera": 1,
        "confidence": 0.860555112361908,
        "visible_cameras": []
    },
    {
        "encounter": "encounter_39196",
        "Row_number": 561,
        "camera": 5,
        "confidence": 0.8404527902603149,
        "visible_cameras": [
            4
        ]
    },
    {
        "encounter": "encounter_40146",
        "Row_number": 636,
        "camera": 2,
        "confidence": 0.7888351082801819,
        "visible_cameras": []
    },
    {
        "encounter": "encounter_40204",
        "Row_number": 640,
        "camera": 4,
        "confidence": 0.7947537302970886,
        "visible_cameras": []
    },
    {
        "encounter": "encounter_40378",
        "Row_number": 654,
        "camera": 1,
        "confidence": 0.6353709101676941,
        "visible_cameras": []
    },
    {
        "encounter": "encounter_40514",
        "Row_number": 664,
        "camera": 2,
        "confidence": 0.5626714825630188,
        "visible_cameras": []
    },
    {
        "encounter": "encounter_40557",
        "Row_number": 669,
        "camera": 5,
        "confidence": 0.7090562582015991,
        "visible_cameras": [
            4
        ]
    },
    {
        "encounter": "encounter_40629",
        "Row_number": 673,
        "camera": 3,
        "confidence": 0.7807994484901428,
        "visible_cameras": [
            2
        ]
    },
    {
        "encounter": "encounter_40851",
        "Row_number": 696,
        "camera": 5,
        "confidence": 0.8002797365188599,
        "visible_cameras": [
            4
        ]
    },
    {
        "encounter": "encounter_41474",
        "Row_number": 742,
        "camera": 2,
        "confidence": 0.7693055868148804,
        "visible_cameras": []
    },
    {
        "encounter": "encounter_41586",
        "Row_number": 750,
        "camera": 3,
        "confidence": 0.6749361753463745,
        "visible_cameras": [
            2
        ]
    },
    {
        "encounter": "encounter_41776",
        "Row_number": 766,
        "camera": 3,
        "confidence": 0.7514227032661438,
        "visible_cameras": [
            2
        ]
    },
    {
        "encounter": "encounter_42005",
        "Row_number": 782,
        "camera": 1,
        "confidence": 0.6032700538635254,
        "visible_cameras": [
            3
        ]
    },
    {
        "encounter": "encounter_42249",
        "Row_number": 803,
        "camera": 1,
        "confidence": 0.6323646306991577,
        "visible_cameras": []
    },
    {
        "encounter": "encounter_42273",
        "Row_number": 808,
        "camera": 5,
        "confidence": 0.8852267861366272,
        "visible_cameras": []
    },
    {
        "encounter": "encounter_42645",
        "Row_number": 840,
        "camera": 5,
        "confidence": 0.813370406627655,
        "visible_cameras": [
            4
        ]
    },
    {
        "encounter": "encounter_42878",
        "Row_number": 861,
        "camera": 3,
        "confidence": 0.7048972845077515,
        "visible_cameras": [
            2
        ]
    },
    {
        "encounter": "encounter_42988",
        "Row_number": 870,
        "camera": 3,
        "confidence": 0.6633099913597107,
        "visible_cameras": []
    },
    {
        "encounter": "encounter_43178",
        "Row_number": 892,
        "camera": 2,
        "confidence": 0.8264833688735962,
        "visible_cameras": []
    },
    {
        "encounter": "encounter_43247",
        "Row_number": 901,
        "camera": 5,
        "confidence": 0.6802566647529602,
        "visible_cameras": []
    },
    {
        "encounter": "encounter_43265",
        "Row_number": 903,
        "camera": 4,
        "confidence": 0.8005443215370178,
        "visible_cameras": []
    },
    {
        "encounter": "encounter_43723",
        "Row_number": 946,
        "camera": 2,
        "confidence": 0.5582164525985718,
        "visible_cameras": []
    },
    {
        "encounter": "encounter_43893",
        "Row_number": 956,
        "camera": 5,
        "confidence": 0.7065717577934265,
        "visible_cameras": [
            4
        ]
    },
    {
        "encounter": "encounter_43907",
        "Row_number": 958,
        "camera": 2,
        "confidence": 0.7970437407493591,
        "visible_cameras": []
    },
    {
        "encounter": "encounter_44120",
        "Row_number": 971,
        "camera": 4,
        "confidence": 0.8091763257980347,
        "visible_cameras": []
    },
    {
        "encounter": "encounter_44133",
        "Row_number": 973,
        "camera": 5,
        "confidence": 0.7333472371101379,
        "visible_cameras": [
            4
        ]
    },
    {
        "encounter": "encounter_44293",
        "Row_number": 982,
        "camera": 2,
        "confidence": 0.8338022232055664,
        "visible_cameras": []
    },
    {
        "encounter": "encounter_44417",
        "Row_number": 991,
        "camera": 5,
        "confidence": 0.6577359437942505,
        "visible_cameras": []
    },
    {
        "encounter": "encounter_44524",
        "Row_number": 1001,
        "camera": 5,
        "confidence": 0.7631162405014038,
        "visible_cameras": [
            4
        ]
    },
    {
        "encounter": "encounter_44887",
        "Row_number": 1025,
        "camera": 1,
        "confidence": 0.868076503276825,
        "visible_cameras": [
            5
        ]
    },
    {
        "encounter": "encounter_45232",
        "Row_number": 1057,
        "camera": 3,
        "confidence": 0.8274368643760681,
        "visible_cameras": [
            2
        ]
    },
    {
        "encounter": "encounter_45334",
        "Row_number": 1066,
        "camera": 1,
        "confidence": 0.7934909462928772,
        "visible_cameras": [
            5
        ]
    },
    {
        "encounter": "encounter_45427",
        "Row_number": 1075,
        "camera": 5,
        "confidence": 0.8630735278129578,
        "visible_cameras": [
            4
        ]
    },
    {
        "encounter": "encounter_45478",
        "Row_number": 1080,
        "camera": 4,
        "confidence": 0.5753775835037231,
        "visible_cameras": []
    },
    {
        "encounter": "encounter_45747",
        "Row_number": 1099,
        "camera": 5,
        "confidence": 0.5743190050125122,
        "visible_cameras": [
            4
        ]
    },
    {
        "encounter": "encounter_46772",
        "Row_number": 1172,
        "camera": 5,
        "confidence": 0.6004718542098999,
        "visible_cameras": [
            4
        ]
    },
    {
        "encounter": "encounter_47059",
        "Row_number": 1195,
        "camera": 3,
        "confidence": 0.6904021501541138,
        "visible_cameras": [
            2
        ]
    },
    {
        "encounter": "encounter_47720",
        "Row_number": 1247,
        "camera": 5,
        "confidence": 0.8264586329460144,
        "visible_cameras": [
            4
        ]
    },
    {
        "encounter": "encounter_47758",
        "Row_number": 1249,
        "camera": 5,
        "confidence": 0.6895933151245117,
        "visible_cameras": []
    },
    {
        "encounter": "encounter_47903",
        "Row_number": 1261,
        "camera": 3,
        "confidence": 0.5896764397621155,
        "visible_cameras": []
    },
    {
        "encounter": "encounter_47979",
        "Row_number": 1270,
        "camera": 1,
        "confidence": 0.8077471852302551,
        "visible_cameras": [
            5
        ]
    },
    {
        "encounter": "encounter_48492",
        "Row_number": 1320,
        "camera": 3,
        "confidence": 0.723028838634491,
        "visible_cameras": [
            2
        ]
    },
    {
        "encounter": "encounter_49255",
        "Row_number": 1373,
        "camera": 5,
        "confidence": 0.8071309328079224,
        "visible_cameras": [
            4
        ]
    },
    {
        "encounter": "encounter_49281",
        "Row_number": 1378,
        "camera": 4,
        "confidence": 0.7966539263725281,
        "visible_cameras": []
    },
    {
        "encounter": "encounter_49680",
        "Row_number": 1402,
        "camera": 5,
        "confidence": 0.8362621068954468,
        "visible_cameras": []
    },
    {
        "encounter": "encounter_50300",
        "Row_number": 1444,
        "camera": 2,
        "confidence": 0.5535234212875366,
        "visible_cameras": [
            4
        ]
    },
    {
        "encounter": "encounter_51017",
        "Row_number": 1503,
        "camera": 2,
        "confidence": 0.7592489123344421,
        "visible_cameras": []
    },
    {
        "encounter": "encounter_51100",
        "Row_number": 1508,
        "camera": 5,
        "confidence": 0.7948284149169922,
        "visible_cameras": [
            4
        ]
    },
    {
        "encounter": "encounter_51112",
        "Row_number": 1510,
        "camera": 5,
        "confidence": 0.8757106065750122,
        "visible_cameras": [
            4
        ]
    },
    {
        "encounter": "encounter_51517",
        "Row_number": 1530,
        "camera": 5,
        "confidence": 0.8450683951377869,
        "visible_cameras": [
            4
        ]
    },
    {
        "encounter": "encounter_51527",
        "Row_number": 1532,
        "camera": 3,
        "confidence": 0.7952048778533936,
        "visible_cameras": [
            2
        ]
    },
    {
        "encounter": "encounter_51909",
        "Row_number": 1558,
        "camera": 5,
        "confidence": 0.8497663736343384,
        "visible_cameras": [
            4
        ]
    },
    {
        "encounter": "encounter_51928",
        "Row_number": 1561,
        "camera": 3,
        "confidence": 0.7603652477264404,
        "visible_cameras": [
            2
        ]
    },
    {
        "encounter": "encounter_52051",
        "Row_number": 1573,
        "camera": 2,
        "confidence": 0.8720893859863281,
        "visible_cameras": []
    },
    {
        "encounter": "encounter_52449",
        "Row_number": 1602,
        "camera": 5,
        "confidence": 0.8527277708053589,
        "visible_cameras": [
            4
        ]
    },
    {
        "encounter": "encounter_52980",
        "Row_number": 1647,
        "camera": 1,
        "confidence": 0.5612286925315857,
        "visible_cameras": []
    },
    {
        "encounter": "encounter_53410",
        "Row_number": 1679,
        "camera": 5,
        "confidence": 0.8889639377593994,
        "visible_cameras": [
            4
        ]
    },
    {
        "encounter": "encounter_53611",
        "Row_number": 1702,
        "camera": 5,
        "confidence": 0.5596797466278076,
        "visible_cameras": [
            4
        ]
    },
    {
        "encounter": "encounter_54041",
        "Row_number": 1731,
        "camera": 3,
        "confidence": 0.7224612236022949,
        "visible_cameras": [
            2
        ]
    },
    {
        "encounter": "encounter_54395",
        "Row_number": 1756,
        "camera": 3,
        "confidence": 0.8902283310890198,
        "visible_cameras": [
            2
        ]
    },
    {
        "encounter": "encounter_54630",
        "Row_number": 1779,
        "camera": 1,
        "confidence": 0.8449494242668152,
        "visible_cameras": []
    },
    {
        "encounter": "encounter_54751",
        "Row_number": 1785,
        "camera": 5,
        "confidence": 0.7242968678474426,
        "visible_cameras": [
            4
        ]
    },
    {
        "encounter": "encounter_54829",
        "Row_number": 1794,
        "camera": 5,
        "confidence": 0.8058525323867798,
        "visible_cameras": [
            4
        ]
    },
    {
        "encounter": "encounter_55181",
        "Row_number": 1811,
        "camera": 4,
        "confidence": 0.8116518259048462,
        "visible_cameras": []
    },
    {
        "encounter": "encounter_56171",
        "Row_number": 1890,
        "camera": 5,
        "confidence": 0.7973830699920654,
        "visible_cameras": [
            4
        ]
    },
    {
        "encounter": "encounter_56295",
        "Row_number": 1896,
        "camera": 2,
        "confidence": 0.5553088188171387,
        "visible_cameras": []
    },
    {
        "encounter": "encounter_57625",
        "Row_number": 1992,
        "camera": 4,
        "confidence": 0.9312844276428224,
        "visible_cameras": []
    },
    {
        "encounter": "encounter_57718",
        "Row_number": 1995,
        "camera": 2,
        "confidence": 0.6909351944923401,
        "visible_cameras": []
    },
    {
        "encounter": "encounter_58439",
        "Row_number": 2044,
        "camera": 5,
        "confidence": 0.6144968271255493,
        "visible_cameras": [
            4
        ]
    },
    {
        "encounter": "encounter_58670",
        "Row_number": 2059,
        "camera": 1,
        "confidence": 0.7446839213371277,
        "visible_cameras": [
            5
        ]
    },
    {
        "encounter": "encounter_58918",
        "Row_number": 2079,
        "camera": 3,
        "confidence": 0.8048726320266724,
        "visible_cameras": []
    },
    {
        "encounter": "encounter_59390",
        "Row_number": 2119,
        "camera": 2,
        "confidence": 0.7079771757125854,
        "visible_cameras": [
            1
        ]
    },
    {
        "encounter": "encounter_59624",
        "Row_number": 2143,
        "camera": 4,
        "confidence": 0.7121104001998901,
        "visible_cameras": []
    },
    {
        "encounter": "encounter_60387",
        "Row_number": 2202,
        "camera": 5,
        "confidence": 0.7927873134613037,
        "visible_cameras": []
    },
    {
        "encounter": "encounter_60406",
        "Row_number": 2204,
        "camera": 5,
        "confidence": 0.8309598565101624,
        "visible_cameras": []
    },
    {
        "encounter": "encounter_60450",
        "Row_number": 2208,
        "camera": 5,
        "confidence": 0.6943641901016235,
        "visible_cameras": [
            4
        ]
    },
    {
        "encounter": "encounter_60498",
        "Row_number": 2214,
        "camera": 5,
        "confidence": 0.781486988067627,
        "visible_cameras": [
            4
        ]
    },
    {
        "encounter": "encounter_60520",
        "Row_number": 2217,
        "camera": 2,
        "confidence": 0.6215853095054626,
        "visible_cameras": []
    },
    {
        "encounter": "encounter_60549",
        "Row_number": 2220,
        "camera": 4,
        "confidence": 0.8141695857048035,
        "visible_cameras": []
    },
    {
        "encounter": "encounter_60701",
        "Row_number": 2232,
        "camera": 1,
        "confidence": 0.9197531938552856,
        "visible_cameras": [
            5
        ]
    },
    {
        "encounter": "encounter_60852",
        "Row_number": 2249,
        "camera": 5,
        "confidence": 0.9087337851524352,
        "visible_cameras": [
            1,
            2
        ]
    },
    {
        "encounter": "encounter_61206",
        "Row_number": 2267,
        "camera": 3,
        "confidence": 0.8096497058868408,
        "visible_cameras": [
            2
        ]
    },
    {
        "encounter": "encounter_61490",
        "Row_number": 2290,
        "camera": 5,
        "confidence": 0.6395076513290405,
        "visible_cameras": [
            4
        ]
    },
    {
        "encounter": "encounter_62532",
        "Row_number": 2373,
        "camera": 2,
        "confidence": 0.8609669208526611,
        "visible_cameras": []
    },
    {
        "encounter": "encounter_62581",
        "Row_number": 2380,
        "camera": 5,
        "confidence": 0.8431453108787537,
        "visible_cameras": []
    },
    {
        "encounter": "encounter_63476",
        "Row_number": 2445,
        "camera": 3,
        "confidence": 0.7132636904716492,
        "visible_cameras": []
    },
    {
        "encounter": "encounter_63704",
        "Row_number": 2467,
        "camera": 5,
        "confidence": 0.5671538710594177,
        "visible_cameras": [
            4
        ]
    },
    {
        "encounter": "encounter_63870",
        "Row_number": 2483,
        "camera": 3,
        "confidence": 0.8789703249931335,
        "visible_cameras": [
            2
        ]
    },
    {
        "encounter": "encounter_64066",
        "Row_number": 2496,
        "camera": 3,
        "confidence": 0.7607433199882507,
        "visible_cameras": [
            2
        ]
    }
]