[
    {
        "encounter": "encounter_32286",
        "Row_number": 15,
        "camera": 3,
        "confidence": 0.7669717073440552,
        "visible_cameras": [
            2
        ]
    },
    {
        "encounter": "encounter_32999",
        "Row_number": 73,
        "camera": 2,
        "confidence": 0.6569721698760986,
        "visible_cameras": []
    },
    {
        "encounter": "encounter_33155",
        "Row_number": 86,
        "camera": 5,
        "confidence": 0.8629790544509888,
        "visible_cameras": [
            4
        ]
    },
    {
        "encounter": "encounter_33364",
        "Row_number": 104,
        "camera": 4,
        "confidence": 0.5947627425193787,
        "visible_cameras": []
    },
    {
        "encounter": "encounter_33465",
        "Row_number": 112,
        "camera": 5,
        "confidence": 0.8344919681549072,
        "visible_cameras": [
            4
        ]
    },
    {
        "encounter": "encounter_33692",
        "Row_number": 132,
        "camera": 3,
        "confidence": 0.9036266803741456,
        "visible_cameras": []
    },
    {
        "encounter": "encounter_33942",
        "Row_number": 144,
        "camera": 5,
        "confidence": 0.8745830655097961,
        "visible_cameras": [
            4
        ]
    },
    {
        "encounter": "encounter_34270",
        "Row_number": 164,
        "camera": 4,
        "confidence": 0.5629319548606873,
        "visible_cameras": [
            1
        ]
    },
    {
        "encounter": "encounter_34375",
        "Row_number": 173,
        "camera": 5,
        "confidence": 0.8650237917900085,
        "visible_cameras": [
            4
        ]
    },
    {
        "encounter": "encounter_34406",
        "Row_number": 178,
        "camera": 3,
        "confidence": 0.8370360732078552,
        "visible_cameras": []
    },
    {
        "encounter": "encounter_34686",
        "Row_number": 198,
        "camera": 5,
        "confidence": 0.5785781741142273,
        "visible_cameras": [
            4
        ]
    },
    {
        "encounter": "encounter_35148",
        "Row_number": 237,
        "camera": 5,
        "confidence": 0.7441506385803223,
        "visible_cameras": [
            4
        ]
    },
    {
        "encounter": "encounter_35342",
        "Row_number": 252,
        "camera": 1,
        "confidence": 0.5912851691246033,
        "visible_cameras": []
    },
    {
        "encounter": "encounter_35380",
        "Row_number": 255,
        "camera": 1,
        "confidence": 0.7467710971832275,
        "visible_cameras": [
            5
        ]
    },
    {
        "encounter": "encounter_35429",
        "Row_number": 257,
        "camera": 5,
        "confidence": 0.7746832370758057,
        "visible_cameras": [
            4
        ]
    },
    {
        "encounter": "encounter_35458",
        "Row_number": 260,
        "camera": 5,
        "confidence": 0.7973671555519104,
        "visible_cameras": []
    },
    {
        "encounter": "encounter_35571",
        "Row_number": 265,
        "camera": 5,
        "confidence": 0.7614110112190247,
        "visible_cameras": []
    },
    {
        "encounter": "encounter_36380",
        "Row_number": 337,
        "camera": 5,
        "confidence": 0.6969286799430847,
        "visible_cameras": [
            4
        ]
    },
    {
        "encounter": "encounter_36499",
        "Row_number": 345,
        "camera": 5,
        "confidence": 0.5759931206703186,
        "visible_cameras": [
            4
        ]
    },
    {
        "encounter": "encounter_36580",
        "Row_number": 351,
        "camera": 5,
        "confidence": 0.6517415642738342,
        "visible_cameras": [
            4
        ]
    },
    {
        "encounter": "encounter_36620",
        "Row_number": 356,
        "camera": 4,
        "confidence": 0.720426082611084,
        "visible_cameras": []
    },
    {
        "encounter": "encounter_36737",
        "Row_number": 364,
        "camera": 4,
        "confidence": 0.7978464365005493,
        "visible_cameras": []
    },
    {
        "encounter": "encounter_36808",
        "Row_number": 370,
        "camera": 1,
        "confidence": 0.6038969159126282,
        "visible_cameras": []
    },
    {
        "encounter": "encounter_37191",
        "Row_number": 401,
        "camera": 3,
        "confidence": 0.8462028503417969,
        "visible_cameras": []
    },
    {
        "encounter": "encounter_37414",
        "Row_number": 413,
        "camera": 2,
        "confidence": 0.8687230944633484,
        "visible_cameras": []
    },
    {
        "encounter": "encounter_38406",
        "Row_number": 494,
        "camera": 2,
        "confidence": 0.8250539302825928,
        "visible_cameras": []
    },
    {
        "encounter": "encounter_38416",
        "Row_number": 495,
        "camera": 1,
        "confidence": 0.8540920615196228,
        "visible_cameras": []
    },
    {
        "encounter": "encounter_38663",
        "Row_number": 513,
        "camera": 5,
        "confidence": 0.6026922464370728,
        "visible_cameras": [
            4
        ]
    },
    {
        "encounter": "encounter_39196",
        "Row_number": 561,
        "camera": 5,
        "confidence": 0.8474246263504028,
        "visible_cameras": [
            4
        ]
    },
    {
        "encounter": "encounter_40146",
        "Row_number": 636,
        "camera": 2,
        "confidence": 0.8221144080162048,
        "visible_cameras": []
    },
    {
        "encounter": "encounter_40204",
        "Row_number": 640,
        "camera": 4,
        "confidence": 0.8608914613723755,
        "visible_cameras": []
    },
    {
        "encounter": "encounter_40378",
        "Row_number": 654,
        "camera": 1,
        "confidence": 0.6555843353271484,
        "visible_cameras": []
    },
    {
        "encounter": "encounter_40514",
        "Row_number": 664,
        "camera": 2,
        "confidence": 0.570466160774231,
        "visible_cameras": []
    },
    {
        "encounter": "encounter_40557",
        "Row_number": 669,
        "camera": 5,
        "confidence": 0.6086052060127258,
        "visible_cameras": [
            4
        ]
    },
    {
        "encounter": "encounter_40629",
        "Row_number": 673,
        "camera": 3,
        "confidence": 0.7634965181350708,
        "visible_cameras": [
            2
        ]
    },
    {
        "encounter": "encounter_40851",
        "Row_number": 696,
        "camera": 5,
        "confidence": 0.8357108235359192,
        "visible_cameras": [
            4
        ]
    },
    {
        "encounter": "encounter_41422",
        "Row_number": 734,
        "camera": 1,
        "confidence": 0.8157990574836731,
        "visible_cameras": [
            5
        ]
    },
    {
        "encounter": "encounter_41474",
        "Row_number": 742,
        "camera": 2,
        "confidence": 0.7162416577339172,
        "visible_cameras": []
    },
    {
        "encounter": "encounter_41586",
        "Row_number": 750,
        "camera": 3,
        "confidence": 0.6587721705436707,
        "visible_cameras": [
            2
        ]
    },
    {
        "encounter": "encounter_41776",
        "Row_number": 766,
        "camera": 3,
        "confidence": 0.7790881991386414,
        "visible_cameras": [
            2
        ]
    },
    {
        "encounter": "encounter_42005",
        "Row_number": 782,
        "camera": 1,
        "confidence": 0.6064035296440125,
        "visible_cameras": [
            3
        ]
    },
    {
        "encounter": "encounter_42249",
        "Row_number": 803,
        "camera": 1,
        "confidence": 0.6140618324279785,
        "visible_cameras": []
    },
    {
        "encounter": "encounter_42273",
        "Row_number": 808,
        "camera": 5,
        "confidence": 0.8856087327003479,
        "visible_cameras": []
    },
    {
        "encounter": "encounter_42645",
        "Row_number": 840,
        "camera": 5,
        "confidence": 0.7995418906211853,
        "visible_cameras": [
            4
        ]
    },
    {
        "encounter": "encounter_42810",
        "Row_number": 855,
        "camera": 1,
        "confidence": 0.5660752058029175,
        "visible_cameras": []
    },
    {
        "encounter": "encounter_42988",
        "Row_number": 870,
        "camera": 3,
        "confidence": 0.8075575828552246,
        "visible_cameras": []
    },
    {
        "encounter": "encounter_43178",
        "Row_number": 892,
        "camera": 2,
        "confidence": 0.8385807871818542,
        "visible_cameras": []
    },
    {
        "encounter": "encounter_43247",
        "Row_number": 901,
        "camera": 5,
        "confidence": 0.6915479898452759,
        "visible_cameras": []
    },
    {
        "encounter": "encounter_43265",
        "Row_number": 903,
        "camera": 4,
        "confidence": 0.8048583269119263,
        "visible_cameras": []
    },
    {
        "encounter": "encounter_43364",
        "Row_number": 911,
        "camera": 2,
        "confidence": 0.586025059223175,
        "visible_cameras": [
            4
        ]
    },
    {
        "encounter": "encounter_43723",
        "Row_number": 946,
        "camera": 2,
        "confidence": 0.6585482954978943,
        "visible_cameras": []
    },
    {
        "encounter": "encounter_43893",
        "Row_number": 956,
        "camera": 5,
        "confidence": 0.645689070224762,
        "visible_cameras": [
            4
        ]
    },
    {
        "encounter": "encounter_43907",
        "Row_number": 958,
        "camera": 2,
        "confidence": 0.7979863286018372,
        "visible_cameras": []
    },
    {
        "encounter": "encounter_44120",
        "Row_number": 971,
        "camera": 4,
        "confidence": 0.8140305876731873,
        "visible_cameras": []
    },
    {
        "encounter": "encounter_44133",
        "Row_number": 973,
        "camera": 5,
        "confidence": 0.671078085899353,
        "visible_cameras": [
            4
        ]
    },
    {
        "encounter": "encounter_44293",
        "Row_number": 982,
        "camera": 2,
        "confidence": 0.8351342678070068,
        "visible_cameras": []
    },
    {
        "encounter": "encounter_44417",
        "Row_number": 991,
        "camera": 5,
        "confidence": 0.6660964488983154,
        "visible_cameras": []
    },
    {
        "encounter": "encounter_44524",
        "Row_number": 1001,
        "camera": 5,
        "confidence": 0.6826935410499573,
        "visible_cameras": [
            4
        ]
    },
    {
        "encounter": "encounter_44887",
        "Row_number": 1025,
        "camera": 1,
        "confidence": 0.8720026612281799,
        "visible_cameras": [
            5
        ]
    },
    {
        "encounter": "encounter_45232",
        "Row_number": 1057,
        "camera": 3,
        "confidence": 0.7819937467575073,
        "visible_cameras": [
            2
        ]
    },
    {
        "encounter": "encounter_45314",
        "Row_number": 1063,
        "camera": 3,
        "confidence": 0.5701878070831299,
        "visible_cameras": [
            4
        ]
    },
    {
        "encounter": "encounter_45334",
        "Row_number": 1066,
        "camera": 1,
        "confidence": 0.6911108493804932,
        "visible_cameras": [
            5
        ]
    },
    {
        "encounter": "encounter_45427",
        "Row_number": 1075,
        "camera": 5,
        "confidence": 0.8548784852027893,
        "visible_cameras": [
            4
        ]
    },
    {
        "encounter": "encounter_45747",
        "Row_number": 1099,
        "camera": 5,
        "confidence": 0.6056910753250122,
        "visible_cameras": [
            4
        ]
    },
    {
        "encounter": "encounter_47059",
        "Row_number": 1195,
        "camera": 3,
        "confidence": 0.742753267288208,
        "visible_cameras": [
            2
        ]
    },
    {
        "encounter": "encounter_47720",
        "Row_number": 1247,
        "camera": 5,
        "confidence": 0.8287814855575562,
        "visible_cameras": [
            4
        ]
    },
    {
        "encounter": "encounter_47903",
        "Row_number": 1261,
        "camera": 3,
        "confidence": 0.5977035164833069,
        "visible_cameras": []
    },
    {
        "encounter": "encounter_47979",
        "Row_number": 1270,
        "camera": 1,
        "confidence": 0.7122687101364136,
        "visible_cameras": [
            5
        ]
    },
    {
        "encounter": "encounter_48453",
        "Row_number": 1318,
        "camera": 2,
        "confidence": 0.5786818265914917,
        "visible_cameras": [
            4
        ]
    },
    {
        "encounter": "encounter_48492",
        "Row_number": 1320,
        "camera": 3,
        "confidence": 0.7597950100898743,
        "visible_cameras": [
            2
        ]
    },
    {
        "encounter": "encounter_49255",
        "Row_number": 1373,
        "camera": 5,
        "confidence": 0.8031971454620361,
        "visible_cameras": [
            4
        ]
    },
    {
        "encounter": "encounter_49281",
        "Row_number": 1378,
        "camera": 4,
        "confidence": 0.8250749707221985,
        "visible_cameras": []
    },
    {
        "encounter": "encounter_49680",
        "Row_number": 1402,
        "camera": 5,
        "confidence": 0.8376139998435974,
        "visible_cameras": []
    },
    {
        "encounter": "encounter_50300",
        "Row_number": 1444,
        "camera": 2,
        "confidence": 0.5927819609642029,
        "visible_cameras": [
            4
        ]
    },
    {
        "encounter": "encounter_50712",
        "Row_number": 1480,
        "camera": 5,
        "confidence": 0.6906782388687134,
        "visible_cameras": []
    },
    {
        "encounter": "encounter_51100",
        "Row_number": 1508,
        "camera": 5,
        "confidence": 0.8467656373977661,
        "visible_cameras": [
            4
        ]
    },
    {
        "encounter": "encounter_51112",
        "Row_number": 1510,
        "camera": 5,
        "confidence": 0.871265172958374,
        "visible_cameras": [
            4
        ]
    },
    {
        "encounter": "encounter_51517",
        "Row_number": 1530,
        "camera": 5,
        "confidence": 0.8502809405326843,
        "visible_cameras": [
            4
        ]
    },
    {
        "encounter": "encounter_51527",
        "Row_number": 1532,
        "camera": 3,
        "confidence": 0.8548693656921387,
        "visible_cameras": [
            2
        ]
    },
    {
        "encounter": "encounter_51928",
        "Row_number": 1561,
        "camera": 3,
        "confidence": 0.7605695724487305,
        "visible_cameras": [
            2
        ]
    },
    {
        "encounter": "encounter_52051",
        "Row_number": 1573,
        "camera": 2,
        "confidence": 0.8755961060523987,
        "visible_cameras": []
    },
    {
        "encounter": "encounter_52449",
        "Row_number": 1602,
        "camera": 5,
        "confidence": 0.8546341061592102,
        "visible_cameras": [
            4
        ]
    },
    {
        "encounter": "encounter_53410",
        "Row_number": 1679,
        "camera": 5,
        "confidence": 0.8980100154876709,
        "visible_cameras": [
            4
        ]
    },
    {
        "encounter": "encounter_53542",
        "Row_number": 1691,
        "camera": 5,
        "confidence": 0.5508485436439514,
        "visible_cameras": []
    },
    {
        "encounter": "encounter_54041",
        "Row_number": 1731,
        "camera": 3,
        "confidence": 0.7156128883361816,
        "visible_cameras": [
            2
        ]
    },
    {
        "encounter": "encounter_54395",
        "Row_number": 1756,
        "camera": 3,
        "confidence": 0.8936011791229248,
        "visible_cameras": [
            2
        ]
    },
    {
        "encounter": "encounter_54630",
        "Row_number": 1779,
        "camera": 1,
        "confidence": 0.8655220866203308,
        "visible_cameras": []
    },
    {
        "encounter": "encounter_54751",
        "Row_number": 1785,
        "camera": 5,
        "confidence": 0.738864004611969,
        "visible_cameras": [
            4
        ]
    },
    {
        "encounter": "encounter_54829",
        "Row_number": 1794,
        "camera": 5,
        "confidence": 0.8060310482978821,
        "visible_cameras": [
            4
        ]
    },
    {
        "encounter": "encounter_55181",
        "Row_number": 1811,
        "camera": 4,
        "confidence": 0.822746217250824,
        "visible_cameras": []
    },
    {
        "encounter": "encounter_56171",
        "Row_number": 1890,
        "camera": 5,
        "confidence": 0.6804412007331848,
        "visible_cameras": [
            4
        ]
    },
    {
        "encounter": "encounter_57625",
        "Row_number": 1992,
        "camera": 4,
        "confidence": 0.9323707818984984,
        "visible_cameras": []
    },
    {
        "encounter": "encounter_57718",
        "Row_number": 1995,
        "camera": 2,
        "confidence": 0.733440637588501,
        "visible_cameras": []
    },
    {
        "encounter": "encounter_58439",
        "Row_number": 2044,
        "camera": 5,
        "confidence": 0.6785144209861755,
        "visible_cameras": [
            4
        ]
    },
    {
        "encounter": "encounter_58918",
        "Row_number": 2079,
        "camera": 3,
        "confidence": 0.7305788397789001,
        "visible_cameras": []
    },
    {
        "encounter": "encounter_59390",
        "Row_number": 2119,
        "camera": 2,
        "confidence": 0.5837668180465698,
        "visible_cameras": [
            1
        ]
    },
    {
        "encounter": "encounter_59624",
        "Row_number": 2143,
        "camera": 4,
        "confidence": 0.5769917368888855,
        "visible_cameras": []
    },
    {
        "encounter": "encounter_60387",
        "Row_number": 2202,
        "camera": 5,
        "confidence": 0.7965220808982849,
        "visible_cameras": []
    },
    {
        "encounter": "encounter_60406",
        "Row_number": 2204,
        "camera": 5,
        "confidence": 0.8284664750099182,
        "visible_cameras": []
    },
    {
        "encounter": "encounter_60498",
        "Row_number": 2214,
        "camera": 5,
        "confidence": 0.7577149271965027,
        "visible_cameras": [
            4
        ]
    },
    {
        "encounter": "encounter_60520",
        "Row_number": 2217,
        "camera": 2,
        "confidence": 0.6486196517944336,
        "visible_cameras": []
    },
    {
        "encounter": "encounter_60549",
        "Row_number": 2220,
        "camera": 4,
        "confidence": 0.8229411840438843,
        "visible_cameras": []
    },
    {
        "encounter": "encounter_60701",
        "Row_number": 2232,
        "camera": 1,
        "confidence": 0.925466001033783,
        "visible_cameras": [
            5
        ]
    },
    {
        "encounter": "encounter_60852",
        "Row_number": 2249,
        "camera": 5,
        "confidence": 0.924190878868103,
        "visible_cameras": [
            1,
            2
        ]
    },
    {
        "encounter": "encounter_61153",
        "Row_number": 2260,
        "camera": 1,
        "confidence": 0.5625430941581726,
        "visible_cameras": []
    },
    {
        "encounter": "encounter_61206",
        "Row_number": 2267,
        "camera": 3,
        "confidence": 0.8113498687744141,
        "visible_cameras": [
            2
        ]
    },
    {
        "encounter": "encounter_61490",
        "Row_number": 2290,
        "camera": 5,
        "confidence": 0.5748523473739624,
        "visible_cameras": [
            4
        ]
    },
    {
        "encounter": "encounter_62532",
        "Row_number": 2373,
        "camera": 2,
        "confidence": 0.8079507946968079,
        "visible_cameras": []
    },
    {
        "encounter": "encounter_62581",
        "Row_number": 2380,
        "camera": 5,
        "confidence": 0.8473626375198364,
        "visible_cameras": []
    },
    {
        "encounter": "encounter_63237",
        "Row_number": 2431,
        "camera": 5,
        "confidence": 0.6671728491783142,
        "visible_cameras": []
    },
    {
        "encounter": "encounter_63476",
        "Row_number": 2445,
        "camera": 3,
        "confidence": 0.7162237763404846,
        "visible_cameras": []
    },
    {
        "encounter": "encounter_63870",
        "Row_number": 2483,
        "camera": 3,
        "confidence": 0.8723924160003662,
        "visible_cameras": [
            2
        ]
    },
    {
        "encounter": "encounter_64066",
        "Row_number": 2496,
        "camera": 3,
        "confidence": 0.6583822965621948,
        "visible_cameras": [
            2
        ]
    }
]