[
    {
        "encounter": "encounter_32286",
        "Row_number": 15,
        "camera": 3,
        "confidence": 0.724633812904358,
        "visible_cameras": [
            2
        ]
    },
    {
        "encounter": "encounter_32999",
        "Row_number": 73,
        "camera": 2,
        "confidence": 0.607353866100311,
        "visible_cameras": []
    },
    {
        "encounter": "encounter_33465",
        "Row_number": 112,
        "camera": 5,
        "confidence": 0.716864585876465,
        "visible_cameras": [
            4
        ]
    },
    {
        "encounter": "encounter_33692",
        "Row_number": 132,
        "camera": 3,
        "confidence": 0.865247130393982,
        "visible_cameras": []
    },
    {
        "encounter": "encounter_33942",
        "Row_number": 144,
        "camera": 5,
        "confidence": 0.813235521316528,
        "visible_cameras": [
            4
        ]
    },
    {
        "encounter": "encounter_34375",
        "Row_number": 173,
        "camera": 5,
        "confidence": 0.793209254741669,
        "visible_cameras": [
            4
        ]
    },
    {
        "encounter": "encounter_35148",
        "Row_number": 237,
        "camera": 5,
        "confidence": 0.718124806880951,
        "visible_cameras": [
            4
        ]
    },
    {
        "encounter": "encounter_35380",
        "Row_number": 255,
        "camera": 1,
        "confidence": 0.569168269634247,
        "visible_cameras": [
            5
        ]
    },
    {
        "encounter": "encounter_35458",
        "Row_number": 260,
        "camera": 5,
        "confidence": 0.568495392799377,
        "visible_cameras": []
    },
    {
        "encounter": "encounter_37999",
        "Row_number": 462,
        "camera": 1,
        "confidence": 0.731588125228882,
        "visible_cameras": [
            2
        ]
    },
    {
        "encounter": "encounter_39196",
        "Row_number": 561,
        "camera": 5,
        "confidence": 0.648796916007996,
        "visible_cameras": [
            4
        ]
    },
    {
        "encounter": "encounter_40204",
        "Row_number": 640,
        "camera": 4,
        "confidence": 0.732994019985199,
        "visible_cameras": []
    },
    {
        "encounter": "encounter_40629",
        "Row_number": 673,
        "camera": 3,
        "confidence": 0.626390695571899,
        "visible_cameras": [
            2
        ]
    },
    {
        "encounter": "encounter_40851",
        "Row_number": 696,
        "camera": 5,
        "confidence": 0.748100757598877,
        "visible_cameras": [
            4
        ]
    },
    {
        "encounter": "encounter_42273",
        "Row_number": 808,
        "camera": 5,
        "confidence": 0.860800564289093,
        "visible_cameras": []
    },
    {
        "encounter": "encounter_42645",
        "Row_number": 840,
        "camera": 5,
        "confidence": 0.671399414539337,
        "visible_cameras": [
            4
        ]
    },
    {
        "encounter": "encounter_42878",
        "Row_number": 861,
        "camera": 3,
        "confidence": 0.616819500923157,
        "visible_cameras": [
            2
        ]
    },
    {
        "encounter": "encounter_43907",
        "Row_number": 958,
        "camera": 2,
        "confidence": 0.775019526481628,
        "visible_cameras": []
    },
    {
        "encounter": "encounter_44524",
        "Row_number": 1001,
        "camera": 5,
        "confidence": 0.676035523414612,
        "visible_cameras": [
            4
        ]
    },
    {
        "encounter": "encounter_45232",
        "Row_number": 1057,
        "camera": 3,
        "confidence": 0.817311882972717,
        "visible_cameras": [
            2
        ]
    },
    {
        "encounter": "encounter_45427",
        "Row_number": 1075,
        "camera": 5,
        "confidence": 0.689082741737366,
        "visible_cameras": [
            4
        ]
    },
    {
        "encounter": "encounter_45478",
        "Row_number": 1080,
        "camera": 4,
        "confidence": 0.570425987243652,
        "visible_cameras": []
    },
    {
        "encounter": "encounter_49680",
        "Row_number": 1402,
        "camera": 5,
        "confidence": 0.818525373935699,
        "visible_cameras": []
    },
    {
        "encounter": "encounter_51017",
        "Row_number": 1503,
        "camera": 2,
        "confidence": 0.60249400138855,
        "visible_cameras": []
    },
    {
        "encounter": "encounter_51112",
        "Row_number": 1510,
        "camera": 5,
        "confidence": 0.761162281036377,
        "visible_cameras": [
            4
        ]
    },
    {
        "encounter": "encounter_51517",
        "Row_number": 1530,
        "camera": 5,
        "confidence": 0.805838823318481,
        "visible_cameras": [
            4
        ]
    },
    {
        "encounter": "encounter_51527",
        "Row_number": 1532,
        "camera": 3,
        "confidence": 0.744367897510529,
        "visible_cameras": [
            2
        ]
    },
    {
        "encounter": "encounter_51928",
        "Row_number": 1561,
        "camera": 3,
        "confidence": 0.813940167427063,
        "visible_cameras": [
            2
        ]
    },
    {
        "encounter": "encounter_52051",
        "Row_number": 1573,
        "camera": 2,
        "confidence": 0.880122423171997,
        "visible_cameras": []
    },
    {
        "encounter": "encounter_53410",
        "Row_number": 1679,
        "camera": 5,
        "confidence": 0.856239557266235,
        "visible_cameras": [
            4
        ]
    },
    {
        "encounter": "encounter_54395",
        "Row_number": 1756,
        "camera": 3,
        "confidence": 0.804066896438599,
        "visible_cameras": [
            2
        ]
    },
    {
        "encounter": "encounter_54829",
        "Row_number": 1794,
        "camera": 5,
        "confidence": 0.759703397750855,
        "visible_cameras": [
            4
        ]
    },
    {
        "encounter": "encounter_57625",
        "Row_number": 1992,
        "camera": 4,
        "confidence": 0.931542277336121,
        "visible_cameras": []
    },
    {
        "encounter": "encounter_58918",
        "Row_number": 2079,
        "camera": 3,
        "confidence": 0.695085644721985,
        "visible_cameras": []
    },
    {
        "encounter": "encounter_60387",
        "Row_number": 2202,
        "camera": 5,
        "confidence": 0.658688724040985,
        "visible_cameras": []
    },
    {
        "encounter": "encounter_60406",
        "Row_number": 2204,
        "camera": 5,
        "confidence": 0.814581990242004,
        "visible_cameras": []
    },
    {
        "encounter": "encounter_60498",
        "Row_number": 2214,
        "camera": 5,
        "confidence": 0.727113425731659,
        "visible_cameras": [
            4
        ]
    },
    {
        "encounter": "encounter_61490",
        "Row_number": 2290,
        "camera": 5,
        "confidence": 0.691757142543793,
        "visible_cameras": [
            4
        ]
    },
    {
        "encounter": "encounter_62532",
        "Row_number": 2373,
        "camera": 2,
        "confidence": 0.784500479698181,
        "visible_cameras": []
    },
    {
        "encounter": "encounter_62581",
        "Row_number": 2380,
        "camera": 5,
        "confidence": 0.776662111282349,
        "visible_cameras": []
    },
    {
        "encounter": "encounter_63870",
        "Row_number": 2483,
        "camera": 3,
        "confidence": 0.829631328582764,
        "visible_cameras": [
            2
        ]
    },
    {
        "encounter": "encounter_64066",
        "Row_number": 2496,
        "camera": 3,
        "confidence": 0.575421214103699,
        "visible_cameras": [
            2
        ]
    }
]