[
    {
        "encounter": "encounter_3045",
        "Row_number": 240,
        "camera": 2,
        "confidence": 0.6795422434806824,
        "visible_cameras": [
            1
        ]
    },
    {
        "encounter": "encounter_4190",
        "Row_number": 320,
        "camera": 2,
        "confidence": 0.7294335961341858,
        "visible_cameras": []
    },
    {
        "encounter": "encounter_4757",
        "Row_number": 365,
        "camera": 3,
        "confidence": 0.7106308937072754,
        "visible_cameras": [
            2
        ]
    },
    {
        "encounter": "encounter_4997",
        "Row_number": 385,
        "camera": 1,
        "confidence": 0.7860240340232849,
        "visible_cameras": []
    },
    {
        "encounter": "encounter_5934",
        "Row_number": 464,
        "camera": 1,
        "confidence": 0.5904105305671692,
        "visible_cameras": []
    },
    {
        "encounter": "encounter_6160",
        "Row_number": 481,
        "camera": 5,
        "confidence": 0.7965944409370422,
        "visible_cameras": [
            4
        ]
    },
    {
        "encounter": "encounter_8326",
        "Row_number": 645,
        "camera": 2,
        "confidence": 0.7405816912651062,
        "visible_cameras": []
    },
    {
        "encounter": "encounter_8865",
        "Row_number": 685,
        "camera": 5,
        "confidence": 0.8752928376197815,
        "visible_cameras": [
            4
        ]
    },
    {
        "encounter": "encounter_8895",
        "Row_number": 687,
        "camera": 3,
        "confidence": 0.7800346612930298,
        "visible_cameras": [
            2
        ]
    },
    {
        "encounter": "encounter_9937",
        "Row_number": 761,
        "camera": 1,
        "confidence": 0.7600787878036499,
        "visible_cameras": [
            5
        ]
    },
    {
        "encounter": "encounter_9950",
        "Row_number": 763,
        "camera": 3,
        "confidence": 0.7564879059791565,
        "visible_cameras": [
            2
        ]
    },
    {
        "encounter": "encounter_10105",
        "Row_number": 776,
        "camera": 5,
        "confidence": 0.8193137049674988,
        "visible_cameras": [
            4
        ]
    },
    {
        "encounter": "encounter_11133",
        "Row_number": 843,
        "camera": 5,
        "confidence": 0.7445583939552307,
        "visible_cameras": [
            4
        ]
    },
    {
        "encounter": "encounter_13013",
        "Row_number": 1003,
        "camera": 5,
        "confidence": 0.7262734174728394,
        "visible_cameras": [
            4
        ]
    },
    {
        "encounter": "encounter_13186",
        "Row_number": 1018,
        "camera": 3,
        "confidence": 0.8905693292617798,
        "visible_cameras": [
            2
        ]
    },
    {
        "encounter": "encounter_13724",
        "Row_number": 1069,
        "camera": 1,
        "confidence": 0.7992566823959351,
        "visible_cameras": []
    },
    {
        "encounter": "encounter_14794",
        "Row_number": 1147,
        "camera": 3,
        "confidence": 0.7574058771133423,
        "visible_cameras": [
            2
        ]
    },
    {
        "encounter": "encounter_15947",
        "Row_number": 1223,
        "camera": 5,
        "confidence": 0.8697354793548584,
        "visible_cameras": [
            4
        ]
    },
    {
        "encounter": "encounter_16447",
        "Row_number": 1256,
        "camera": 2,
        "confidence": 0.7225338816642761,
        "visible_cameras": []
    },
    {
        "encounter": "encounter_16766",
        "Row_number": 1282,
        "camera": 2,
        "confidence": 0.6198235154151917,
        "visible_cameras": []
    },
    {
        "encounter": "encounter_17288",
        "Row_number": 1318,
        "camera": 5,
        "confidence": 0.8516343832015991,
        "visible_cameras": []
    },
    {
        "encounter": "encounter_17447",
        "Row_number": 1333,
        "camera": 1,
        "confidence": 0.8479142189025879,
        "visible_cameras": [
            5
        ]
    },
    {
        "encounter": "encounter_20000",
        "Row_number": 1543,
        "camera": 3,
        "confidence": 0.5905797481536865,
        "visible_cameras": [
            2
        ]
    },
    {
        "encounter": "encounter_20342",
        "Row_number": 1581,
        "camera": 2,
        "confidence": 0.793339729309082,
        "visible_cameras": []
    },
    {
        "encounter": "encounter_20962",
        "Row_number": 1616,
        "camera": 5,
        "confidence": 0.8866859674453735,
        "visible_cameras": [
            4
        ]
    },
    {
        "encounter": "encounter_22382",
        "Row_number": 1733,
        "camera": 5,
        "confidence": 0.7961267828941345,
        "visible_cameras": [
            4
        ]
    },
    {
        "encounter": "encounter_24626",
        "Row_number": 1883,
        "camera": 2,
        "confidence": 0.9228906631469728,
        "visible_cameras": [
            1
        ]
    },
    {
        "encounter": "encounter_27538",
        "Row_number": 2100,
        "camera": 5,
        "confidence": 0.7580540776252747,
        "visible_cameras": [
            4
        ]
    },
    {
        "encounter": "encounter_27585",
        "Row_number": 2105,
        "camera": 3,
        "confidence": 0.8057867288589478,
        "visible_cameras": [
            2
        ]
    },
    {
        "encounter": "encounter_28580",
        "Row_number": 2197,
        "camera": 1,
        "confidence": 0.5822260975837708,
        "visible_cameras": [
            5
        ]
    },
    {
        "encounter": "encounter_28835",
        "Row_number": 2219,
        "camera": 5,
        "confidence": 0.5762441754341125,
        "visible_cameras": [
            4
        ]
    },
    {
        "encounter": "encounter_29032",
        "Row_number": 2239,
        "camera": 5,
        "confidence": 0.7984743714332581,
        "visible_cameras": [
            4
        ]
    },
    {
        "encounter": "encounter_30459",
        "Row_number": 2356,
        "camera": 3,
        "confidence": 0.7230784296989441,
        "visible_cameras": [
            2
        ]
    },
    {
        "encounter": "encounter_31016",
        "Row_number": 2406,
        "camera": 3,
        "confidence": 0.8451178669929504,
        "visible_cameras": [
            2
        ]
    }
]