[
    {
        "encounter": "encounter_32286",
        "Row_number": 15,
        "camera": 3,
        "confidence": 0.673351526260376,
        "visible_cameras": [
            2
        ]
    },
    {
        "encounter": "encounter_32609",
        "Row_number": 34,
        "camera": 5,
        "confidence": 0.84220951795578,
        "visible_cameras": [
            4
        ]
    },
    {
        "encounter": "encounter_33155",
        "Row_number": 86,
        "camera": 5,
        "confidence": 0.5601572394371033,
        "visible_cameras": [
            4
        ]
    },
    {
        "encounter": "encounter_33504",
        "Row_number": 116,
        "camera": 5,
        "confidence": 0.806341826915741,
        "visible_cameras": [
            2
        ]
    },
    {
        "encounter": "encounter_33692",
        "Row_number": 132,
        "camera": 3,
        "confidence": 0.8607146739959717,
        "visible_cameras": []
    },
    {
        "encounter": "encounter_33942",
        "Row_number": 144,
        "camera": 5,
        "confidence": 0.8130857944488525,
        "visible_cameras": [
            4
        ]
    },
    {
        "encounter": "encounter_34375",
        "Row_number": 173,
        "camera": 5,
        "confidence": 0.7873860001564026,
        "visible_cameras": [
            4
        ]
    },
    {
        "encounter": "encounter_35148",
        "Row_number": 237,
        "camera": 5,
        "confidence": 0.6041818261146545,
        "visible_cameras": [
            4
        ]
    },
    {
        "encounter": "encounter_35429",
        "Row_number": 257,
        "camera": 5,
        "confidence": 0.6453973650932312,
        "visible_cameras": [
            4
        ]
    },
    {
        "encounter": "encounter_35458",
        "Row_number": 260,
        "camera": 5,
        "confidence": 0.5802890658378601,
        "visible_cameras": []
    },
    {
        "encounter": "encounter_40204",
        "Row_number": 640,
        "camera": 4,
        "confidence": 0.6949134469032288,
        "visible_cameras": []
    },
    {
        "encounter": "encounter_40629",
        "Row_number": 673,
        "camera": 3,
        "confidence": 0.5522909164428711,
        "visible_cameras": [
            2
        ]
    },
    {
        "encounter": "encounter_40851",
        "Row_number": 696,
        "camera": 5,
        "confidence": 0.7151052355766296,
        "visible_cameras": [
            4
        ]
    },
    {
        "encounter": "encounter_42273",
        "Row_number": 808,
        "camera": 5,
        "confidence": 0.8475356698036194,
        "visible_cameras": []
    },
    {
        "encounter": "encounter_42878",
        "Row_number": 861,
        "camera": 3,
        "confidence": 0.7074088454246521,
        "visible_cameras": [
            2
        ]
    },
    {
        "encounter": "encounter_43907",
        "Row_number": 958,
        "camera": 2,
        "confidence": 0.6439756751060486,
        "visible_cameras": []
    },
    {
        "encounter": "encounter_44524",
        "Row_number": 1001,
        "camera": 5,
        "confidence": 0.6358510851860046,
        "visible_cameras": [
            4
        ]
    },
    {
        "encounter": "encounter_45232",
        "Row_number": 1057,
        "camera": 3,
        "confidence": 0.7135993838310242,
        "visible_cameras": [
            2
        ]
    },
    {
        "encounter": "encounter_45427",
        "Row_number": 1075,
        "camera": 5,
        "confidence": 0.6466386914253235,
        "visible_cameras": [
            4
        ]
    },
    {
        "encounter": "encounter_47720",
        "Row_number": 1247,
        "camera": 5,
        "confidence": 0.6314027905464172,
        "visible_cameras": [
            4
        ]
    },
    {
        "encounter": "encounter_49255",
        "Row_number": 1373,
        "camera": 5,
        "confidence": 0.8314822912216187,
        "visible_cameras": [
            4
        ]
    },
    {
        "encounter": "encounter_49680",
        "Row_number": 1402,
        "camera": 5,
        "confidence": 0.7932428121566772,
        "visible_cameras": []
    },
    {
        "encounter": "encounter_51112",
        "Row_number": 1510,
        "camera": 5,
        "confidence": 0.7825937271118164,
        "visible_cameras": [
            4
        ]
    },
    {
        "encounter": "encounter_51517",
        "Row_number": 1530,
        "camera": 5,
        "confidence": 0.7272475957870483,
        "visible_cameras": [
            4
        ]
    },
    {
        "encounter": "encounter_51527",
        "Row_number": 1532,
        "camera": 3,
        "confidence": 0.6965984106063843,
        "visible_cameras": [
            2
        ]
    },
    {
        "encounter": "encounter_51909",
        "Row_number": 1558,
        "camera": 5,
        "confidence": 0.8629642724990845,
        "visible_cameras": [
            4
        ]
    },
    {
        "encounter": "encounter_52051",
        "Row_number": 1573,
        "camera": 2,
        "confidence": 0.86562579870224,
        "visible_cameras": []
    },
    {
        "encounter": "encounter_52449",
        "Row_number": 1602,
        "camera": 5,
        "confidence": 0.8577489256858826,
        "visible_cameras": [
            4
        ]
    },
    {
        "encounter": "encounter_53410",
        "Row_number": 1679,
        "camera": 5,
        "confidence": 0.8380101323127747,
        "visible_cameras": [
            4
        ]
    },
    {
        "encounter": "encounter_54395",
        "Row_number": 1756,
        "camera": 3,
        "confidence": 0.5625391006469727,
        "visible_cameras": [
            2
        ]
    },
    {
        "encounter": "encounter_54829",
        "Row_number": 1794,
        "camera": 5,
        "confidence": 0.6059853434562683,
        "visible_cameras": [
            4
        ]
    },
    {
        "encounter": "encounter_57625",
        "Row_number": 1992,
        "camera": 4,
        "confidence": 0.9329752326011658,
        "visible_cameras": []
    },
    {
        "encounter": "encounter_58918",
        "Row_number": 2079,
        "camera": 3,
        "confidence": 0.7700705528259277,
        "visible_cameras": []
    },
    {
        "encounter": "encounter_60406",
        "Row_number": 2204,
        "camera": 5,
        "confidence": 0.7748844623565674,
        "visible_cameras": []
    },
    {
        "encounter": "encounter_60498",
        "Row_number": 2214,
        "camera": 5,
        "confidence": 0.5774255394935608,
        "visible_cameras": [
            4
        ]
    },
    {
        "encounter": "encounter_60701",
        "Row_number": 2232,
        "camera": 1,
        "confidence": 0.83758145570755,
        "visible_cameras": [
            5
        ]
    },
    {
        "encounter": "encounter_61206",
        "Row_number": 2267,
        "camera": 3,
        "confidence": 0.7239638566970825,
        "visible_cameras": [
            2
        ]
    },
    {
        "encounter": "encounter_62532",
        "Row_number": 2373,
        "camera": 2,
        "confidence": 0.7198938727378845,
        "visible_cameras": []
    },
    {
        "encounter": "encounter_62581",
        "Row_number": 2380,
        "camera": 5,
        "confidence": 0.8256977796554565,
        "visible_cameras": []
    },
    {
        "encounter": "encounter_63870",
        "Row_number": 2483,
        "camera": 3,
        "confidence": 0.8104674220085144,
        "visible_cameras": [
            2
        ]
    },
    {
        "encounter": "encounter_64066",
        "Row_number": 2496,
        "camera": 3,
        "confidence": 0.6811285018920898,
        "visible_cameras": [
            2
        ]
    }
]