[
    {
        "encounter": "encounter_2761",
        "Row_number": 214,
        "camera": 3,
        "confidence": 0.5866193175315857,
        "visible_cameras": []
    },
    {
        "encounter": "encounter_3045",
        "Row_number": 240,
        "camera": 2,
        "confidence": 0.5844358801841736,
        "visible_cameras": [
            1
        ]
    },
    {
        "encounter": "encounter_3676",
        "Row_number": 288,
        "camera": 1,
        "confidence": 0.716638445854187,
        "visible_cameras": []
    },
    {
        "encounter": "encounter_4190",
        "Row_number": 320,
        "camera": 2,
        "confidence": 0.7283892035484314,
        "visible_cameras": []
    },
    {
        "encounter": "encounter_4757",
        "Row_number": 365,
        "camera": 3,
        "confidence": 0.585123598575592,
        "visible_cameras": [
            2
        ]
    },
    {
        "encounter": "encounter_4997",
        "Row_number": 385,
        "camera": 1,
        "confidence": 0.825218141078949,
        "visible_cameras": []
    },
    {
        "encounter": "encounter_5934",
        "Row_number": 464,
        "camera": 1,
        "confidence": 0.6757980585098267,
        "visible_cameras": []
    },
    {
        "encounter": "encounter_6160",
        "Row_number": 481,
        "camera": 5,
        "confidence": 0.7547962665557861,
        "visible_cameras": [
            4
        ]
    },
    {
        "encounter": "encounter_8326",
        "Row_number": 645,
        "camera": 2,
        "confidence": 0.7295259833335876,
        "visible_cameras": []
    },
    {
        "encounter": "encounter_8865",
        "Row_number": 685,
        "camera": 5,
        "confidence": 0.8388005495071411,
        "visible_cameras": [
            4
        ]
    },
    {
        "encounter": "encounter_8895",
        "Row_number": 687,
        "camera": 3,
        "confidence": 0.7414777278900146,
        "visible_cameras": [
            2
        ]
    },
    {
        "encounter": "encounter_9937",
        "Row_number": 761,
        "camera": 1,
        "confidence": 0.7343651652336121,
        "visible_cameras": [
            5
        ]
    },
    {
        "encounter": "encounter_9950",
        "Row_number": 763,
        "camera": 3,
        "confidence": 0.8098840117454529,
        "visible_cameras": [
            2
        ]
    },
    {
        "encounter": "encounter_10105",
        "Row_number": 776,
        "camera": 5,
        "confidence": 0.8131288290023804,
        "visible_cameras": [
            4
        ]
    },
    {
        "encounter": "encounter_13186",
        "Row_number": 1018,
        "camera": 3,
        "confidence": 0.9025632739067078,
        "visible_cameras": [
            2
        ]
    },
    {
        "encounter": "encounter_13724",
        "Row_number": 1069,
        "camera": 1,
        "confidence": 0.7820410132408142,
        "visible_cameras": []
    },
    {
        "encounter": "encounter_14794",
        "Row_number": 1147,
        "camera": 3,
        "confidence": 0.636391282081604,
        "visible_cameras": [
            2
        ]
    },
    {
        "encounter": "encounter_15947",
        "Row_number": 1223,
        "camera": 5,
        "confidence": 0.8464151620864868,
        "visible_cameras": [
            4
        ]
    },
    {
        "encounter": "encounter_16447",
        "Row_number": 1256,
        "camera": 2,
        "confidence": 0.6546916365623474,
        "visible_cameras": []
    },
    {
        "encounter": "encounter_17021",
        "Row_number": 1300,
        "camera": 3,
        "confidence": 0.691197395324707,
        "visible_cameras": [
            2
        ]
    },
    {
        "encounter": "encounter_17288",
        "Row_number": 1318,
        "camera": 5,
        "confidence": 0.8451035618782043,
        "visible_cameras": []
    },
    {
        "encounter": "encounter_17447",
        "Row_number": 1333,
        "camera": 1,
        "confidence": 0.7609305381774902,
        "visible_cameras": [
            5
        ]
    },
    {
        "encounter": "encounter_19645",
        "Row_number": 1512,
        "camera": 1,
        "confidence": 0.8227600455284119,
        "visible_cameras": [
            5
        ]
    },
    {
        "encounter": "encounter_20000",
        "Row_number": 1543,
        "camera": 3,
        "confidence": 0.6198561191558838,
        "visible_cameras": [
            2
        ]
    },
    {
        "encounter": "encounter_20342",
        "Row_number": 1581,
        "camera": 2,
        "confidence": 0.5857453346252441,
        "visible_cameras": []
    },
    {
        "encounter": "encounter_20962",
        "Row_number": 1616,
        "camera": 5,
        "confidence": 0.8551396727561951,
        "visible_cameras": [
            4
        ]
    },
    {
        "encounter": "encounter_22382",
        "Row_number": 1733,
        "camera": 5,
        "confidence": 0.7176772356033325,
        "visible_cameras": [
            4
        ]
    },
    {
        "encounter": "encounter_24030",
        "Row_number": 1850,
        "camera": 2,
        "confidence": 0.6965339779853821,
        "visible_cameras": []
    },
    {
        "encounter": "encounter_24626",
        "Row_number": 1883,
        "camera": 2,
        "confidence": 0.9241480231285096,
        "visible_cameras": [
            1
        ]
    },
    {
        "encounter": "encounter_24900",
        "Row_number": 1897,
        "camera": 2,
        "confidence": 0.6885381937026978,
        "visible_cameras": [
            1
        ]
    },
    {
        "encounter": "encounter_27538",
        "Row_number": 2100,
        "camera": 5,
        "confidence": 0.6419762372970581,
        "visible_cameras": [
            4
        ]
    },
    {
        "encounter": "encounter_27585",
        "Row_number": 2105,
        "camera": 3,
        "confidence": 0.7780448198318481,
        "visible_cameras": [
            2
        ]
    },
    {
        "encounter": "encounter_28580",
        "Row_number": 2197,
        "camera": 1,
        "confidence": 0.7155536413192749,
        "visible_cameras": [
            5
        ]
    },
    {
        "encounter": "encounter_28835",
        "Row_number": 2219,
        "camera": 5,
        "confidence": 0.6606268882751465,
        "visible_cameras": [
            4
        ]
    },
    {
        "encounter": "encounter_29032",
        "Row_number": 2239,
        "camera": 5,
        "confidence": 0.8388542532920837,
        "visible_cameras": [
            4
        ]
    },
    {
        "encounter": "encounter_30459",
        "Row_number": 2356,
        "camera": 3,
        "confidence": 0.687038242816925,
        "visible_cameras": [
            2
        ]
    },
    {
        "encounter": "encounter_31016",
        "Row_number": 2406,
        "camera": 3,
        "confidence": 0.8250733017921448,
        "visible_cameras": [
            2
        ]
    },
    {
        "encounter": "encounter_31754",
        "Row_number": 2467,
        "camera": 3,
        "confidence": 0.6346315741539001,
        "visible_cameras": [
            2
        ]
    }
]