[
    {
        "encounter": "encounter_32286",
        "Row_number": 15,
        "camera": 3,
        "confidence": 0.7473533749580383,
        "visible_cameras": [
            2
        ]
    },
    {
        "encounter": "encounter_32609",
        "Row_number": 34,
        "camera": 5,
        "confidence": 0.5505752563476562,
        "visible_cameras": [
            4
        ]
    },
    {
        "encounter": "encounter_32999",
        "Row_number": 73,
        "camera": 2,
        "confidence": 0.7682560682296753,
        "visible_cameras": []
    },
    {
        "encounter": "encounter_33155",
        "Row_number": 86,
        "camera": 5,
        "confidence": 0.857002854347229,
        "visible_cameras": [
            4
        ]
    },
    {
        "encounter": "encounter_33465",
        "Row_number": 112,
        "camera": 5,
        "confidence": 0.8421241044998169,
        "visible_cameras": [
            4
        ]
    },
    {
        "encounter": "encounter_33692",
        "Row_number": 132,
        "camera": 3,
        "confidence": 0.8980603814125061,
        "visible_cameras": []
    },
    {
        "encounter": "encounter_33942",
        "Row_number": 144,
        "camera": 5,
        "confidence": 0.8589525818824768,
        "visible_cameras": [
            4
        ]
    },
    {
        "encounter": "encounter_34375",
        "Row_number": 173,
        "camera": 5,
        "confidence": 0.8770957589149475,
        "visible_cameras": [
            4
        ]
    },
    {
        "encounter": "encounter_34406",
        "Row_number": 178,
        "camera": 3,
        "confidence": 0.8284593820571899,
        "visible_cameras": []
    },
    {
        "encounter": "encounter_35148",
        "Row_number": 237,
        "camera": 5,
        "confidence": 0.7341781258583069,
        "visible_cameras": [
            4
        ]
    },
    {
        "encounter": "encounter_35380",
        "Row_number": 255,
        "camera": 1,
        "confidence": 0.7529394030570984,
        "visible_cameras": [
            5
        ]
    },
    {
        "encounter": "encounter_35429",
        "Row_number": 257,
        "camera": 5,
        "confidence": 0.7606734037399292,
        "visible_cameras": [
            4
        ]
    },
    {
        "encounter": "encounter_35458",
        "Row_number": 260,
        "camera": 5,
        "confidence": 0.7961734533309937,
        "visible_cameras": []
    },
    {
        "encounter": "encounter_35571",
        "Row_number": 265,
        "camera": 5,
        "confidence": 0.7876185178756714,
        "visible_cameras": []
    },
    {
        "encounter": "encounter_36380",
        "Row_number": 337,
        "camera": 5,
        "confidence": 0.640008807182312,
        "visible_cameras": [
            4
        ]
    },
    {
        "encounter": "encounter_36620",
        "Row_number": 356,
        "camera": 4,
        "confidence": 0.6465485095977783,
        "visible_cameras": []
    },
    {
        "encounter": "encounter_36737",
        "Row_number": 364,
        "camera": 4,
        "confidence": 0.7719652056694031,
        "visible_cameras": []
    },
    {
        "encounter": "encounter_37191",
        "Row_number": 401,
        "camera": 3,
        "confidence": 0.826623797416687,
        "visible_cameras": []
    },
    {
        "encounter": "encounter_37217",
        "Row_number": 402,
        "camera": 4,
        "confidence": 0.7274779081344604,
        "visible_cameras": []
    },
    {
        "encounter": "encounter_37232",
        "Row_number": 403,
        "camera": 5,
        "confidence": 0.720471978187561,
        "visible_cameras": []
    },
    {
        "encounter": "encounter_37343",
        "Row_number": 411,
        "camera": 5,
        "confidence": 0.5615323185920715,
        "visible_cameras": []
    },
    {
        "encounter": "encounter_37414",
        "Row_number": 413,
        "camera": 2,
        "confidence": 0.8718565702438354,
        "visible_cameras": []
    },
    {
        "encounter": "encounter_37557",
        "Row_number": 421,
        "camera": 1,
        "confidence": 0.5693888068199158,
        "visible_cameras": [
            2,
            3
        ]
    },
    {
        "encounter": "encounter_38406",
        "Row_number": 494,
        "camera": 2,
        "confidence": 0.8045304417610168,
        "visible_cameras": []
    },
    {
        "encounter": "encounter_38416",
        "Row_number": 495,
        "camera": 1,
        "confidence": 0.7917008996009827,
        "visible_cameras": []
    },
    {
        "encounter": "encounter_38663",
        "Row_number": 513,
        "camera": 5,
        "confidence": 0.5608726143836975,
        "visible_cameras": [
            4
        ]
    },
    {
        "encounter": "encounter_39196",
        "Row_number": 561,
        "camera": 5,
        "confidence": 0.8541553020477295,
        "visible_cameras": [
            4
        ]
    },
    {
        "encounter": "encounter_40146",
        "Row_number": 636,
        "camera": 2,
        "confidence": 0.8219202756881714,
        "visible_cameras": []
    },
    {
        "encounter": "encounter_40204",
        "Row_number": 640,
        "camera": 4,
        "confidence": 0.817374050617218,
        "visible_cameras": []
    },
    {
        "encounter": "encounter_40557",
        "Row_number": 669,
        "camera": 5,
        "confidence": 0.7576143741607666,
        "visible_cameras": [
            4
        ]
    },
    {
        "encounter": "encounter_40629",
        "Row_number": 673,
        "camera": 3,
        "confidence": 0.7800814509391785,
        "visible_cameras": [
            2
        ]
    },
    {
        "encounter": "encounter_40851",
        "Row_number": 696,
        "camera": 5,
        "confidence": 0.8069750666618347,
        "visible_cameras": [
            4
        ]
    },
    {
        "encounter": "encounter_41776",
        "Row_number": 766,
        "camera": 3,
        "confidence": 0.7744964361190796,
        "visible_cameras": [
            2
        ]
    },
    {
        "encounter": "encounter_42273",
        "Row_number": 808,
        "camera": 5,
        "confidence": 0.8926365375518799,
        "visible_cameras": []
    },
    {
        "encounter": "encounter_42490",
        "Row_number": 826,
        "camera": 3,
        "confidence": 0.5866003036499023,
        "visible_cameras": []
    },
    {
        "encounter": "encounter_42645",
        "Row_number": 840,
        "camera": 5,
        "confidence": 0.8243441581726074,
        "visible_cameras": [
            4
        ]
    },
    {
        "encounter": "encounter_42878",
        "Row_number": 861,
        "camera": 3,
        "confidence": 0.7694101333618164,
        "visible_cameras": [
            2
        ]
    },
    {
        "encounter": "encounter_42988",
        "Row_number": 870,
        "camera": 3,
        "confidence": 0.7899547219276428,
        "visible_cameras": []
    },
    {
        "encounter": "encounter_43178",
        "Row_number": 892,
        "camera": 2,
        "confidence": 0.8202584981918335,
        "visible_cameras": []
    },
    {
        "encounter": "encounter_43247",
        "Row_number": 901,
        "camera": 5,
        "confidence": 0.6703615188598633,
        "visible_cameras": []
    },
    {
        "encounter": "encounter_43265",
        "Row_number": 903,
        "camera": 4,
        "confidence": 0.8076094388961792,
        "visible_cameras": []
    },
    {
        "encounter": "encounter_43907",
        "Row_number": 958,
        "camera": 2,
        "confidence": 0.824953019618988,
        "visible_cameras": []
    },
    {
        "encounter": "encounter_44120",
        "Row_number": 971,
        "camera": 4,
        "confidence": 0.7779945731163025,
        "visible_cameras": []
    },
    {
        "encounter": "encounter_44133",
        "Row_number": 973,
        "camera": 5,
        "confidence": 0.6176993250846863,
        "visible_cameras": [
            4
        ]
    },
    {
        "encounter": "encounter_44524",
        "Row_number": 1001,
        "camera": 5,
        "confidence": 0.7998033761978149,
        "visible_cameras": [
            4
        ]
    },
    {
        "encounter": "encounter_44887",
        "Row_number": 1025,
        "camera": 1,
        "confidence": 0.7994097471237183,
        "visible_cameras": [
            5
        ]
    },
    {
        "encounter": "encounter_45232",
        "Row_number": 1057,
        "camera": 3,
        "confidence": 0.8381648063659668,
        "visible_cameras": [
            2
        ]
    },
    {
        "encounter": "encounter_45334",
        "Row_number": 1066,
        "camera": 1,
        "confidence": 0.7890307307243347,
        "visible_cameras": [
            5
        ]
    },
    {
        "encounter": "encounter_45352",
        "Row_number": 1070,
        "camera": 3,
        "confidence": 0.5911874175071716,
        "visible_cameras": []
    },
    {
        "encounter": "encounter_45427",
        "Row_number": 1075,
        "camera": 5,
        "confidence": 0.8649599552154541,
        "visible_cameras": [
            4
        ]
    },
    {
        "encounter": "encounter_45478",
        "Row_number": 1080,
        "camera": 4,
        "confidence": 0.5962832570075989,
        "visible_cameras": []
    },
    {
        "encounter": "encounter_46772",
        "Row_number": 1172,
        "camera": 5,
        "confidence": 0.7232460975646973,
        "visible_cameras": [
            4
        ]
    },
    {
        "encounter": "encounter_47720",
        "Row_number": 1247,
        "camera": 5,
        "confidence": 0.7580379843711853,
        "visible_cameras": [
            4
        ]
    },
    {
        "encounter": "encounter_47758",
        "Row_number": 1249,
        "camera": 5,
        "confidence": 0.7166759967803955,
        "visible_cameras": []
    },
    {
        "encounter": "encounter_49281",
        "Row_number": 1378,
        "camera": 4,
        "confidence": 0.8223796486854553,
        "visible_cameras": []
    },
    {
        "encounter": "encounter_49680",
        "Row_number": 1402,
        "camera": 5,
        "confidence": 0.8583334684371948,
        "visible_cameras": []
    },
    {
        "encounter": "encounter_50712",
        "Row_number": 1480,
        "camera": 5,
        "confidence": 0.6690422296524048,
        "visible_cameras": []
    },
    {
        "encounter": "encounter_51100",
        "Row_number": 1508,
        "camera": 5,
        "confidence": 0.7594454884529114,
        "visible_cameras": [
            4
        ]
    },
    {
        "encounter": "encounter_51112",
        "Row_number": 1510,
        "camera": 5,
        "confidence": 0.9001177549362183,
        "visible_cameras": [
            4
        ]
    },
    {
        "encounter": "encounter_51517",
        "Row_number": 1530,
        "camera": 5,
        "confidence": 0.8537952303886414,
        "visible_cameras": [
            4
        ]
    },
    {
        "encounter": "encounter_51527",
        "Row_number": 1532,
        "camera": 3,
        "confidence": 0.7916334271430969,
        "visible_cameras": [
            2
        ]
    },
    {
        "encounter": "encounter_51909",
        "Row_number": 1558,
        "camera": 5,
        "confidence": 0.8837207555770874,
        "visible_cameras": [
            4
        ]
    },
    {
        "encounter": "encounter_51928",
        "Row_number": 1561,
        "camera": 3,
        "confidence": 0.7854122519493103,
        "visible_cameras": [
            2
        ]
    },
    {
        "encounter": "encounter_52007",
        "Row_number": 1568,
        "camera": 4,
        "confidence": 0.671451210975647,
        "visible_cameras": []
    },
    {
        "encounter": "encounter_52051",
        "Row_number": 1573,
        "camera": 2,
        "confidence": 0.8754402995109558,
        "visible_cameras": []
    },
    {
        "encounter": "encounter_53410",
        "Row_number": 1679,
        "camera": 5,
        "confidence": 0.891153872013092,
        "visible_cameras": [
            4
        ]
    },
    {
        "encounter": "encounter_54395",
        "Row_number": 1756,
        "camera": 3,
        "confidence": 0.9096555709838868,
        "visible_cameras": [
            2
        ]
    },
    {
        "encounter": "encounter_54829",
        "Row_number": 1794,
        "camera": 5,
        "confidence": 0.8112843036651611,
        "visible_cameras": [
            4
        ]
    },
    {
        "encounter": "encounter_55181",
        "Row_number": 1811,
        "camera": 4,
        "confidence": 0.7539741396903992,
        "visible_cameras": []
    },
    {
        "encounter": "encounter_56171",
        "Row_number": 1890,
        "camera": 5,
        "confidence": 0.7198212146759033,
        "visible_cameras": [
            4
        ]
    },
    {
        "encounter": "encounter_56295",
        "Row_number": 1896,
        "camera": 2,
        "confidence": 0.5718877911567688,
        "visible_cameras": []
    },
    {
        "encounter": "encounter_57030",
        "Row_number": 1949,
        "camera": 3,
        "confidence": 0.7022380232810974,
        "visible_cameras": [
            2
        ]
    },
    {
        "encounter": "encounter_57625",
        "Row_number": 1992,
        "camera": 4,
        "confidence": 0.9330575466156006,
        "visible_cameras": []
    },
    {
        "encounter": "encounter_58052",
        "Row_number": 2016,
        "camera": 4,
        "confidence": 0.5618500113487244,
        "visible_cameras": []
    },
    {
        "encounter": "encounter_58918",
        "Row_number": 2079,
        "camera": 3,
        "confidence": 0.8103826642036438,
        "visible_cameras": []
    },
    {
        "encounter": "encounter_59390",
        "Row_number": 2119,
        "camera": 2,
        "confidence": 0.6014586687088013,
        "visible_cameras": [
            1
        ]
    },
    {
        "encounter": "encounter_59624",
        "Row_number": 2143,
        "camera": 4,
        "confidence": 0.5737633109092712,
        "visible_cameras": []
    },
    {
        "encounter": "encounter_60387",
        "Row_number": 2202,
        "camera": 5,
        "confidence": 0.7928435206413269,
        "visible_cameras": []
    },
    {
        "encounter": "encounter_60406",
        "Row_number": 2204,
        "camera": 5,
        "confidence": 0.8483781814575195,
        "visible_cameras": []
    },
    {
        "encounter": "encounter_60450",
        "Row_number": 2208,
        "camera": 5,
        "confidence": 0.5568140745162964,
        "visible_cameras": [
            4
        ]
    },
    {
        "encounter": "encounter_60498",
        "Row_number": 2214,
        "camera": 5,
        "confidence": 0.801030695438385,
        "visible_cameras": [
            4
        ]
    },
    {
        "encounter": "encounter_60549",
        "Row_number": 2220,
        "camera": 4,
        "confidence": 0.7752801775932312,
        "visible_cameras": []
    },
    {
        "encounter": "encounter_60701",
        "Row_number": 2232,
        "camera": 1,
        "confidence": 0.8240585923194885,
        "visible_cameras": [
            5
        ]
    },
    {
        "encounter": "encounter_60852",
        "Row_number": 2249,
        "camera": 5,
        "confidence": 0.8542144298553467,
        "visible_cameras": [
            1,
            2
        ]
    },
    {
        "encounter": "encounter_61206",
        "Row_number": 2267,
        "camera": 3,
        "confidence": 0.6313464045524597,
        "visible_cameras": [
            2
        ]
    },
    {
        "encounter": "encounter_61490",
        "Row_number": 2290,
        "camera": 5,
        "confidence": 0.5589249134063721,
        "visible_cameras": [
            4
        ]
    },
    {
        "encounter": "encounter_62532",
        "Row_number": 2373,
        "camera": 2,
        "confidence": 0.8731250166893005,
        "visible_cameras": []
    },
    {
        "encounter": "encounter_62581",
        "Row_number": 2380,
        "camera": 5,
        "confidence": 0.8318667411804199,
        "visible_cameras": []
    },
    {
        "encounter": "encounter_63476",
        "Row_number": 2445,
        "camera": 3,
        "confidence": 0.6606783866882324,
        "visible_cameras": []
    },
    {
        "encounter": "encounter_63704",
        "Row_number": 2467,
        "camera": 2,
        "confidence": 0.6589661836624146,
        "visible_cameras": [
            4
        ]
    },
    {
        "encounter": "encounter_63870",
        "Row_number": 2483,
        "camera": 3,
        "confidence": 0.8750416040420532,
        "visible_cameras": [
            2
        ]
    },
    {
        "encounter": "encounter_64066",
        "Row_number": 2496,
        "camera": 3,
        "confidence": 0.805781900882721,
        "visible_cameras": [
            2
        ]
    }
]