[
    {
        "encounter": "encounter_32286",
        "Row_number": 15,
        "camera": 3,
        "confidence": 0.726696729660034,
        "visible_cameras": [
            2
        ]
    },
    {
        "encounter": "encounter_32609",
        "Row_number": 34,
        "camera": 5,
        "confidence": 0.846096336841583,
        "visible_cameras": [
            4
        ]
    },
    {
        "encounter": "encounter_33465",
        "Row_number": 112,
        "camera": 5,
        "confidence": 0.665003776550293,
        "visible_cameras": [
            4
        ]
    },
    {
        "encounter": "encounter_33692",
        "Row_number": 132,
        "camera": 3,
        "confidence": 0.840369403362274,
        "visible_cameras": []
    },
    {
        "encounter": "encounter_33942",
        "Row_number": 144,
        "camera": 5,
        "confidence": 0.802825570106506,
        "visible_cameras": [
            4
        ]
    },
    {
        "encounter": "encounter_34375",
        "Row_number": 173,
        "camera": 5,
        "confidence": 0.76051276922226,
        "visible_cameras": [
            4
        ]
    },
    {
        "encounter": "encounter_35148",
        "Row_number": 237,
        "camera": 5,
        "confidence": 0.724563956260681,
        "visible_cameras": [
            4
        ]
    },
    {
        "encounter": "encounter_35429",
        "Row_number": 257,
        "camera": 5,
        "confidence": 0.713975250720978,
        "visible_cameras": [
            4
        ]
    },
    {
        "encounter": "encounter_35458",
        "Row_number": 260,
        "camera": 5,
        "confidence": 0.565110325813293,
        "visible_cameras": []
    },
    {
        "encounter": "encounter_40204",
        "Row_number": 640,
        "camera": 4,
        "confidence": 0.662064135074616,
        "visible_cameras": []
    },
    {
        "encounter": "encounter_40629",
        "Row_number": 673,
        "camera": 3,
        "confidence": 0.71753716468811,
        "visible_cameras": [
            2
        ]
    },
    {
        "encounter": "encounter_40851",
        "Row_number": 696,
        "camera": 5,
        "confidence": 0.707087934017181,
        "visible_cameras": [
            4
        ]
    },
    {
        "encounter": "encounter_42273",
        "Row_number": 808,
        "camera": 5,
        "confidence": 0.853751957416534,
        "visible_cameras": []
    },
    {
        "encounter": "encounter_43907",
        "Row_number": 958,
        "camera": 2,
        "confidence": 0.665569722652435,
        "visible_cameras": []
    },
    {
        "encounter": "encounter_45232",
        "Row_number": 1057,
        "camera": 3,
        "confidence": 0.692197144031525,
        "visible_cameras": [
            2
        ]
    },
    {
        "encounter": "encounter_45427",
        "Row_number": 1075,
        "camera": 5,
        "confidence": 0.71130245923996,
        "visible_cameras": [
            4
        ]
    },
    {
        "encounter": "encounter_47720",
        "Row_number": 1247,
        "camera": 5,
        "confidence": 0.703222751617432,
        "visible_cameras": [
            4
        ]
    },
    {
        "encounter": "encounter_49255",
        "Row_number": 1373,
        "camera": 5,
        "confidence": 0.818898677825928,
        "visible_cameras": [
            4
        ]
    },
    {
        "encounter": "encounter_49680",
        "Row_number": 1402,
        "camera": 5,
        "confidence": 0.743568301200867,
        "visible_cameras": []
    },
    {
        "encounter": "encounter_51112",
        "Row_number": 1510,
        "camera": 5,
        "confidence": 0.815803408622742,
        "visible_cameras": [
            4
        ]
    },
    {
        "encounter": "encounter_51517",
        "Row_number": 1530,
        "camera": 5,
        "confidence": 0.761564791202545,
        "visible_cameras": [
            4
        ]
    },
    {
        "encounter": "encounter_51527",
        "Row_number": 1532,
        "camera": 3,
        "confidence": 0.724439859390259,
        "visible_cameras": [
            2
        ]
    },
    {
        "encounter": "encounter_51909",
        "Row_number": 1558,
        "camera": 5,
        "confidence": 0.828069806098938,
        "visible_cameras": [
            4
        ]
    },
    {
        "encounter": "encounter_52051",
        "Row_number": 1573,
        "camera": 2,
        "confidence": 0.8505859375,
        "visible_cameras": []
    },
    {
        "encounter": "encounter_52449",
        "Row_number": 1602,
        "camera": 5,
        "confidence": 0.860367596149445,
        "visible_cameras": [
            4
        ]
    },
    {
        "encounter": "encounter_53410",
        "Row_number": 1679,
        "camera": 5,
        "confidence": 0.871706187725067,
        "visible_cameras": [
            4
        ]
    },
    {
        "encounter": "encounter_54395",
        "Row_number": 1756,
        "camera": 3,
        "confidence": 0.605768024921417,
        "visible_cameras": [
            2
        ]
    },
    {
        "encounter": "encounter_56300",
        "Row_number": 1897,
        "camera": 1,
        "confidence": 0.709304392337799,
        "visible_cameras": []
    },
    {
        "encounter": "encounter_57625",
        "Row_number": 1992,
        "camera": 4,
        "confidence": 0.932048082351685,
        "visible_cameras": []
    },
    {
        "encounter": "encounter_58918",
        "Row_number": 2079,
        "camera": 3,
        "confidence": 0.664222598075867,
        "visible_cameras": []
    },
    {
        "encounter": "encounter_60406",
        "Row_number": 2204,
        "camera": 5,
        "confidence": 0.779974758625031,
        "visible_cameras": []
    },
    {
        "encounter": "encounter_60701",
        "Row_number": 2232,
        "camera": 1,
        "confidence": 0.684004783630371,
        "visible_cameras": [
            5
        ]
    },
    {
        "encounter": "encounter_61206",
        "Row_number": 2267,
        "camera": 3,
        "confidence": 0.635257363319397,
        "visible_cameras": [
            2
        ]
    },
    {
        "encounter": "encounter_62532",
        "Row_number": 2373,
        "camera": 2,
        "confidence": 0.61181628704071,
        "visible_cameras": []
    },
    {
        "encounter": "encounter_62581",
        "Row_number": 2380,
        "camera": 5,
        "confidence": 0.846808969974518,
        "visible_cameras": []
    },
    {
        "encounter": "encounter_63870",
        "Row_number": 2483,
        "camera": 3,
        "confidence": 0.829313576221466,
        "visible_cameras": [
            2
        ]
    }
]