[
    {
        "encounter": "encounter_32286",
        "Row_number": 15,
        "camera": 3,
        "confidence": 0.6060338020324707,
        "visible_cameras": [
            2
        ]
    },
    {
        "encounter": "encounter_32609",
        "Row_number": 34,
        "camera": 5,
        "confidence": 0.898044228553772,
        "visible_cameras": [
            4
        ]
    },
    {
        "encounter": "encounter_33155",
        "Row_number": 86,
        "camera": 5,
        "confidence": 0.76250821352005,
        "visible_cameras": [
            4
        ]
    },
    {
        "encounter": "encounter_33465",
        "Row_number": 112,
        "camera": 5,
        "confidence": 0.8051204681396484,
        "visible_cameras": [
            4
        ]
    },
    {
        "encounter": "encounter_33692",
        "Row_number": 132,
        "camera": 3,
        "confidence": 0.8740950226783752,
        "visible_cameras": []
    },
    {
        "encounter": "encounter_33942",
        "Row_number": 144,
        "camera": 5,
        "confidence": 0.8544308543205261,
        "visible_cameras": [
            4
        ]
    },
    {
        "encounter": "encounter_34375",
        "Row_number": 173,
        "camera": 5,
        "confidence": 0.8245722055435181,
        "visible_cameras": [
            4
        ]
    },
    {
        "encounter": "encounter_34512",
        "Row_number": 183,
        "camera": 2,
        "confidence": 0.5514008402824402,
        "visible_cameras": []
    },
    {
        "encounter": "encounter_34686",
        "Row_number": 198,
        "camera": 5,
        "confidence": 0.8103406429290771,
        "visible_cameras": [
            4
        ]
    },
    {
        "encounter": "encounter_34841",
        "Row_number": 210,
        "camera": 5,
        "confidence": 0.8670991063117981,
        "visible_cameras": [
            4
        ]
    },
    {
        "encounter": "encounter_35061",
        "Row_number": 228,
        "camera": 2,
        "confidence": 0.6128078103065491,
        "visible_cameras": []
    },
    {
        "encounter": "encounter_35066",
        "Row_number": 230,
        "camera": 3,
        "confidence": 0.6469167470932007,
        "visible_cameras": [
            2
        ]
    },
    {
        "encounter": "encounter_35148",
        "Row_number": 237,
        "camera": 5,
        "confidence": 0.6794502139091492,
        "visible_cameras": [
            4
        ]
    },
    {
        "encounter": "encounter_35342",
        "Row_number": 252,
        "camera": 1,
        "confidence": 0.6407063603401184,
        "visible_cameras": []
    },
    {
        "encounter": "encounter_35429",
        "Row_number": 257,
        "camera": 5,
        "confidence": 0.7298149466514587,
        "visible_cameras": [
            4
        ]
    },
    {
        "encounter": "encounter_35458",
        "Row_number": 260,
        "camera": 5,
        "confidence": 0.783718466758728,
        "visible_cameras": []
    },
    {
        "encounter": "encounter_35571",
        "Row_number": 265,
        "camera": 5,
        "confidence": 0.7273387312889099,
        "visible_cameras": []
    },
    {
        "encounter": "encounter_37191",
        "Row_number": 401,
        "camera": 3,
        "confidence": 0.8152692914009094,
        "visible_cameras": []
    },
    {
        "encounter": "encounter_37414",
        "Row_number": 413,
        "camera": 2,
        "confidence": 0.832366406917572,
        "visible_cameras": []
    },
    {
        "encounter": "encounter_37441",
        "Row_number": 414,
        "camera": 2,
        "confidence": 0.5551106929779053,
        "visible_cameras": []
    },
    {
        "encounter": "encounter_38416",
        "Row_number": 495,
        "camera": 1,
        "confidence": 0.7490146160125732,
        "visible_cameras": []
    },
    {
        "encounter": "encounter_39947",
        "Row_number": 621,
        "camera": 4,
        "confidence": 0.5900130867958069,
        "visible_cameras": []
    },
    {
        "encounter": "encounter_40146",
        "Row_number": 636,
        "camera": 2,
        "confidence": 0.5559167265892029,
        "visible_cameras": []
    },
    {
        "encounter": "encounter_40204",
        "Row_number": 640,
        "camera": 4,
        "confidence": 0.7554712891578674,
        "visible_cameras": []
    },
    {
        "encounter": "encounter_40629",
        "Row_number": 673,
        "camera": 3,
        "confidence": 0.7495187520980835,
        "visible_cameras": [
            2
        ]
    },
    {
        "encounter": "encounter_40851",
        "Row_number": 696,
        "camera": 5,
        "confidence": 0.642514169216156,
        "visible_cameras": [
            4
        ]
    },
    {
        "encounter": "encounter_41776",
        "Row_number": 766,
        "camera": 3,
        "confidence": 0.7092699408531189,
        "visible_cameras": [
            2
        ]
    },
    {
        "encounter": "encounter_42110",
        "Row_number": 794,
        "camera": 1,
        "confidence": 0.640697717666626,
        "visible_cameras": []
    },
    {
        "encounter": "encounter_42273",
        "Row_number": 808,
        "camera": 5,
        "confidence": 0.8618084192276001,
        "visible_cameras": []
    },
    {
        "encounter": "encounter_42645",
        "Row_number": 840,
        "camera": 5,
        "confidence": 0.6569563746452332,
        "visible_cameras": [
            4
        ]
    },
    {
        "encounter": "encounter_42778",
        "Row_number": 853,
        "camera": 5,
        "confidence": 0.5879796147346497,
        "visible_cameras": [
            2,
            3
        ]
    },
    {
        "encounter": "encounter_42878",
        "Row_number": 861,
        "camera": 3,
        "confidence": 0.6406641602516174,
        "visible_cameras": [
            2
        ]
    },
    {
        "encounter": "encounter_43178",
        "Row_number": 892,
        "camera": 2,
        "confidence": 0.784205436706543,
        "visible_cameras": []
    },
    {
        "encounter": "encounter_43247",
        "Row_number": 901,
        "camera": 5,
        "confidence": 0.6172930002212524,
        "visible_cameras": []
    },
    {
        "encounter": "encounter_43265",
        "Row_number": 903,
        "camera": 4,
        "confidence": 0.7405672073364258,
        "visible_cameras": []
    },
    {
        "encounter": "encounter_43893",
        "Row_number": 956,
        "camera": 5,
        "confidence": 0.6983087658882141,
        "visible_cameras": [
            4
        ]
    },
    {
        "encounter": "encounter_43907",
        "Row_number": 958,
        "camera": 2,
        "confidence": 0.7266353368759155,
        "visible_cameras": []
    },
    {
        "encounter": "encounter_44120",
        "Row_number": 971,
        "camera": 4,
        "confidence": 0.7834627628326416,
        "visible_cameras": []
    },
    {
        "encounter": "encounter_44133",
        "Row_number": 973,
        "camera": 5,
        "confidence": 0.6631156802177429,
        "visible_cameras": [
            4
        ]
    },
    {
        "encounter": "encounter_44417",
        "Row_number": 991,
        "camera": 5,
        "confidence": 0.7345885038375854,
        "visible_cameras": []
    },
    {
        "encounter": "encounter_44524",
        "Row_number": 1001,
        "camera": 5,
        "confidence": 0.6329823136329651,
        "visible_cameras": [
            4
        ]
    },
    {
        "encounter": "encounter_44887",
        "Row_number": 1025,
        "camera": 1,
        "confidence": 0.839853823184967,
        "visible_cameras": [
            5
        ]
    },
    {
        "encounter": "encounter_45232",
        "Row_number": 1057,
        "camera": 3,
        "confidence": 0.7326422333717346,
        "visible_cameras": [
            2
        ]
    },
    {
        "encounter": "encounter_45427",
        "Row_number": 1075,
        "camera": 5,
        "confidence": 0.7959747314453125,
        "visible_cameras": [
            4
        ]
    },
    {
        "encounter": "encounter_46731",
        "Row_number": 1169,
        "camera": 3,
        "confidence": 0.8896147608757019,
        "visible_cameras": [
            2
        ]
    },
    {
        "encounter": "encounter_47059",
        "Row_number": 1195,
        "camera": 3,
        "confidence": 0.9062522649765016,
        "visible_cameras": [
            2
        ]
    },
    {
        "encounter": "encounter_47720",
        "Row_number": 1247,
        "camera": 5,
        "confidence": 0.7189063429832458,
        "visible_cameras": [
            4
        ]
    },
    {
        "encounter": "encounter_47903",
        "Row_number": 1261,
        "camera": 3,
        "confidence": 0.9077128171920776,
        "visible_cameras": []
    },
    {
        "encounter": "encounter_48492",
        "Row_number": 1320,
        "camera": 3,
        "confidence": 0.5821855664253235,
        "visible_cameras": [
            2
        ]
    },
    {
        "encounter": "encounter_48600",
        "Row_number": 1328,
        "camera": 2,
        "confidence": 0.6886146664619446,
        "visible_cameras": [
            4
        ]
    },
    {
        "encounter": "encounter_49255",
        "Row_number": 1373,
        "camera": 5,
        "confidence": 0.7656155824661255,
        "visible_cameras": [
            4
        ]
    },
    {
        "encounter": "encounter_49680",
        "Row_number": 1402,
        "camera": 5,
        "confidence": 0.6847113966941833,
        "visible_cameras": []
    },
    {
        "encounter": "encounter_51017",
        "Row_number": 1503,
        "camera": 2,
        "confidence": 0.6158744096755981,
        "visible_cameras": []
    },
    {
        "encounter": "encounter_51112",
        "Row_number": 1510,
        "camera": 5,
        "confidence": 0.8871967196464539,
        "visible_cameras": [
            4
        ]
    },
    {
        "encounter": "encounter_51517",
        "Row_number": 1530,
        "camera": 5,
        "confidence": 0.8290607333183289,
        "visible_cameras": [
            4
        ]
    },
    {
        "encounter": "encounter_51527",
        "Row_number": 1532,
        "camera": 3,
        "confidence": 0.789017915725708,
        "visible_cameras": [
            2
        ]
    },
    {
        "encounter": "encounter_51902",
        "Row_number": 1557,
        "camera": 1,
        "confidence": 0.552868127822876,
        "visible_cameras": []
    },
    {
        "encounter": "encounter_51909",
        "Row_number": 1558,
        "camera": 5,
        "confidence": 0.937853991985321,
        "visible_cameras": [
            4
        ]
    },
    {
        "encounter": "encounter_51928",
        "Row_number": 1561,
        "camera": 3,
        "confidence": 0.7781398296356201,
        "visible_cameras": [
            2
        ]
    },
    {
        "encounter": "encounter_52051",
        "Row_number": 1573,
        "camera": 2,
        "confidence": 0.8581780195236206,
        "visible_cameras": []
    },
    {
        "encounter": "encounter_52449",
        "Row_number": 1602,
        "camera": 5,
        "confidence": 0.8789681196212769,
        "visible_cameras": [
            4
        ]
    },
    {
        "encounter": "encounter_53410",
        "Row_number": 1679,
        "camera": 5,
        "confidence": 0.88576740026474,
        "visible_cameras": [
            4
        ]
    },
    {
        "encounter": "encounter_54041",
        "Row_number": 1731,
        "camera": 3,
        "confidence": 0.8325276970863342,
        "visible_cameras": [
            2
        ]
    },
    {
        "encounter": "encounter_54395",
        "Row_number": 1756,
        "camera": 3,
        "confidence": 0.6485050320625305,
        "visible_cameras": [
            2
        ]
    },
    {
        "encounter": "encounter_54751",
        "Row_number": 1785,
        "camera": 5,
        "confidence": 0.5587232112884521,
        "visible_cameras": [
            4
        ]
    },
    {
        "encounter": "encounter_55181",
        "Row_number": 1811,
        "camera": 4,
        "confidence": 0.6813421845436096,
        "visible_cameras": []
    },
    {
        "encounter": "encounter_55430",
        "Row_number": 1833,
        "camera": 5,
        "confidence": 0.7031411528587341,
        "visible_cameras": [
            4
        ]
    },
    {
        "encounter": "encounter_57621",
        "Row_number": 1990,
        "camera": 3,
        "confidence": 0.8724852204322815,
        "visible_cameras": [
            2
        ]
    },
    {
        "encounter": "encounter_57625",
        "Row_number": 1992,
        "camera": 4,
        "confidence": 0.9298603534698486,
        "visible_cameras": []
    },
    {
        "encounter": "encounter_57718",
        "Row_number": 1995,
        "camera": 2,
        "confidence": 0.7950999140739441,
        "visible_cameras": []
    },
    {
        "encounter": "encounter_58670",
        "Row_number": 2059,
        "camera": 1,
        "confidence": 0.7565388679504395,
        "visible_cameras": [
            5
        ]
    },
    {
        "encounter": "encounter_58918",
        "Row_number": 2079,
        "camera": 3,
        "confidence": 0.7609094381332397,
        "visible_cameras": []
    },
    {
        "encounter": "encounter_59223",
        "Row_number": 2105,
        "camera": 2,
        "confidence": 0.7576332688331604,
        "visible_cameras": []
    },
    {
        "encounter": "encounter_60387",
        "Row_number": 2202,
        "camera": 5,
        "confidence": 0.7704489231109619,
        "visible_cameras": []
    },
    {
        "encounter": "encounter_60406",
        "Row_number": 2204,
        "camera": 5,
        "confidence": 0.8047824501991272,
        "visible_cameras": []
    },
    {
        "encounter": "encounter_60701",
        "Row_number": 2232,
        "camera": 1,
        "confidence": 0.938377857208252,
        "visible_cameras": [
            5
        ]
    },
    {
        "encounter": "encounter_60852",
        "Row_number": 2249,
        "camera": 5,
        "confidence": 0.7940388917922974,
        "visible_cameras": [
            1,
            2
        ]
    },
    {
        "encounter": "encounter_61206",
        "Row_number": 2267,
        "camera": 3,
        "confidence": 0.7230637073516846,
        "visible_cameras": [
            2
        ]
    },
    {
        "encounter": "encounter_61405",
        "Row_number": 2285,
        "camera": 2,
        "confidence": 0.5541790127754211,
        "visible_cameras": []
    },
    {
        "encounter": "encounter_61490",
        "Row_number": 2290,
        "camera": 5,
        "confidence": 0.6420667767524719,
        "visible_cameras": [
            4
        ]
    },
    {
        "encounter": "encounter_61515",
        "Row_number": 2292,
        "camera": 3,
        "confidence": 0.6635379791259766,
        "visible_cameras": [
            2
        ]
    },
    {
        "encounter": "encounter_62192",
        "Row_number": 2343,
        "camera": 2,
        "confidence": 0.689610481262207,
        "visible_cameras": [
            5
        ]
    },
    {
        "encounter": "encounter_62532",
        "Row_number": 2373,
        "camera": 2,
        "confidence": 0.8201045989990234,
        "visible_cameras": []
    },
    {
        "encounter": "encounter_62581",
        "Row_number": 2380,
        "camera": 5,
        "confidence": 0.8431282043457031,
        "visible_cameras": []
    },
    {
        "encounter": "encounter_63693",
        "Row_number": 2466,
        "camera": 5,
        "confidence": 0.7339485883712769,
        "visible_cameras": [
            4
        ]
    },
    {
        "encounter": "encounter_63870",
        "Row_number": 2483,
        "camera": 3,
        "confidence": 0.8275610208511353,
        "visible_cameras": [
            2
        ]
    }
]