[
    {
        "encounter": "encounter_64336",
        "Row_number": 19,
        "camera": 3,
        "confidence": 0.8776690363883972,
        "visible_cameras": [
            2
        ]
    },
    {
        "encounter": "encounter_65083",
        "Row_number": 79,
        "camera": 5,
        "confidence": 0.58730548620224,
        "visible_cameras": []
    },
    {
        "encounter": "encounter_65627",
        "Row_number": 128,
        "camera": 2,
        "confidence": 0.6153253316879272,
        "visible_cameras": []
    },
    {
        "encounter": "encounter_65728",
        "Row_number": 142,
        "camera": 5,
        "confidence": 0.6540015935897827,
        "visible_cameras": [
            4
        ]
    },
    {
        "encounter": "encounter_65785",
        "Row_number": 148,
        "camera": 2,
        "confidence": 0.7944412231445312,
        "visible_cameras": [
            1
        ]
    },
    {
        "encounter": "encounter_65917",
        "Row_number": 161,
        "camera": 2,
        "confidence": 0.6856870651245117,
        "visible_cameras": []
    },
    {
        "encounter": "encounter_66827",
        "Row_number": 236,
        "camera": 4,
        "confidence": 0.942625880241394,
        "visible_cameras": []
    },
    {
        "encounter": "encounter_67115",
        "Row_number": 258,
        "camera": 5,
        "confidence": 0.8307970762252808,
        "visible_cameras": [
            4
        ]
    },
    {
        "encounter": "encounter_67580",
        "Row_number": 296,
        "camera": 2,
        "confidence": 0.8386290073394775,
        "visible_cameras": [
            1
        ]
    },
    {
        "encounter": "encounter_68238",
        "Row_number": 348,
        "camera": 3,
        "confidence": 0.8744336366653442,
        "visible_cameras": [
            2
        ]
    },
    {
        "encounter": "encounter_68279",
        "Row_number": 351,
        "camera": 2,
        "confidence": 0.8027576804161072,
        "visible_cameras": []
    },
    {
        "encounter": "encounter_68543",
        "Row_number": 371,
        "camera": 1,
        "confidence": 0.6165415644645691,
        "visible_cameras": [
            5
        ]
    },
    {
        "encounter": "encounter_68759",
        "Row_number": 382,
        "camera": 3,
        "confidence": 0.5707938075065613,
        "visible_cameras": [
            2
        ]
    },
    {
        "encounter": "encounter_69219",
        "Row_number": 423,
        "camera": 2,
        "confidence": 0.621087908744812,
        "visible_cameras": []
    },
    {
        "encounter": "encounter_69363",
        "Row_number": 435,
        "camera": 1,
        "confidence": 0.8722404837608337,
        "visible_cameras": [
            5
        ]
    },
    {
        "encounter": "encounter_69581",
        "Row_number": 458,
        "camera": 2,
        "confidence": 0.6278685927391052,
        "visible_cameras": []
    },
    {
        "encounter": "encounter_70038",
        "Row_number": 494,
        "camera": 5,
        "confidence": 0.8737955093383789,
        "visible_cameras": []
    },
    {
        "encounter": "encounter_70223",
        "Row_number": 510,
        "camera": 1,
        "confidence": 0.8401389718055725,
        "visible_cameras": [
            5
        ]
    },
    {
        "encounter": "encounter_70617",
        "Row_number": 542,
        "camera": 3,
        "confidence": 0.796466052532196,
        "visible_cameras": [
            2
        ]
    },
    {
        "encounter": "encounter_70793",
        "Row_number": 558,
        "camera": 1,
        "confidence": 0.6951725482940674,
        "visible_cameras": []
    },
    {
        "encounter": "encounter_71042",
        "Row_number": 567,
        "camera": 3,
        "confidence": 0.9264745116233826,
        "visible_cameras": [
            2
        ]
    },
    {
        "encounter": "encounter_71827",
        "Row_number": 632,
        "camera": 2,
        "confidence": 0.811760425567627,
        "visible_cameras": [
            1
        ]
    },
    {
        "encounter": "encounter_71833",
        "Row_number": 634,
        "camera": 5,
        "confidence": 0.9111658334732056,
        "visible_cameras": [
            4
        ]
    },
    {
        "encounter": "encounter_72509",
        "Row_number": 681,
        "camera": 2,
        "confidence": 0.803505003452301,
        "visible_cameras": [
            1
        ]
    },
    {
        "encounter": "encounter_72914",
        "Row_number": 703,
        "camera": 4,
        "confidence": 0.6628955602645874,
        "visible_cameras": []
    },
    {
        "encounter": "encounter_73010",
        "Row_number": 714,
        "camera": 1,
        "confidence": 0.7766774892807007,
        "visible_cameras": []
    },
    {
        "encounter": "encounter_73488",
        "Row_number": 747,
        "camera": 3,
        "confidence": 0.850104033946991,
        "visible_cameras": [
            2
        ]
    },
    {
        "encounter": "encounter_73776",
        "Row_number": 771,
        "camera": 5,
        "confidence": 0.8293663859367371,
        "visible_cameras": [
            4
        ]
    },
    {
        "encounter": "encounter_73808",
        "Row_number": 776,
        "camera": 5,
        "confidence": 0.7482994794845581,
        "visible_cameras": [
            4
        ]
    },
    {
        "encounter": "encounter_74645",
        "Row_number": 847,
        "camera": 5,
        "confidence": 0.8448731899261475,
        "visible_cameras": []
    },
    {
        "encounter": "encounter_74728",
        "Row_number": 853,
        "camera": 5,
        "confidence": 0.7491042613983154,
        "visible_cameras": [
            4
        ]
    },
    {
        "encounter": "encounter_75163",
        "Row_number": 886,
        "camera": 1,
        "confidence": 0.7901309728622437,
        "visible_cameras": [
            5
        ]
    },
    {
        "encounter": "encounter_75288",
        "Row_number": 899,
        "camera": 3,
        "confidence": 0.7924589514732361,
        "visible_cameras": [
            2
        ]
    },
    {
        "encounter": "encounter_75630",
        "Row_number": 932,
        "camera": 2,
        "confidence": 0.6497687697410583,
        "visible_cameras": [
            4
        ]
    },
    {
        "encounter": "encounter_76339",
        "Row_number": 977,
        "camera": 1,
        "confidence": 0.6435853242874146,
        "visible_cameras": []
    },
    {
        "encounter": "encounter_76419",
        "Row_number": 988,
        "camera": 5,
        "confidence": 0.9041128754615784,
        "visible_cameras": [
            4
        ]
    },
    {
        "encounter": "encounter_76460",
        "Row_number": 994,
        "camera": 4,
        "confidence": 0.6971218585968018,
        "visible_cameras": []
    },
    {
        "encounter": "encounter_77453",
        "Row_number": 1073,
        "camera": 2,
        "confidence": 0.7114843130111694,
        "visible_cameras": []
    },
    {
        "encounter": "encounter_77529",
        "Row_number": 1080,
        "camera": 5,
        "confidence": 0.8490650057792664,
        "visible_cameras": [
            4
        ]
    },
    {
        "encounter": "encounter_77640",
        "Row_number": 1088,
        "camera": 5,
        "confidence": 0.5592352151870728,
        "visible_cameras": [
            4
        ]
    },
    {
        "encounter": "encounter_77745",
        "Row_number": 1098,
        "camera": 5,
        "confidence": 0.8012502789497375,
        "visible_cameras": [
            4
        ]
    },
    {
        "encounter": "encounter_77972",
        "Row_number": 1120,
        "camera": 3,
        "confidence": 0.8247241377830505,
        "visible_cameras": [
            2
        ]
    },
    {
        "encounter": "encounter_78579",
        "Row_number": 1168,
        "camera": 5,
        "confidence": 0.7855159640312195,
        "visible_cameras": [
            4
        ]
    },
    {
        "encounter": "encounter_78891",
        "Row_number": 1187,
        "camera": 5,
        "confidence": 0.7186472415924072,
        "visible_cameras": [
            4
        ]
    },
    {
        "encounter": "encounter_79037",
        "Row_number": 1195,
        "camera": 5,
        "confidence": 0.8537925481796265,
        "visible_cameras": [
            4
        ]
    },
    {
        "encounter": "encounter_79275",
        "Row_number": 1215,
        "camera": 5,
        "confidence": 0.8799846172332764,
        "visible_cameras": [
            4
        ]
    },
    {
        "encounter": "encounter_79339",
        "Row_number": 1219,
        "camera": 5,
        "confidence": 0.5637635588645935,
        "visible_cameras": [
            4
        ]
    },
    {
        "encounter": "encounter_79776",
        "Row_number": 1254,
        "camera": 3,
        "confidence": 0.8773924708366394,
        "visible_cameras": [
            2
        ]
    },
    {
        "encounter": "encounter_80222",
        "Row_number": 1280,
        "camera": 5,
        "confidence": 0.6063689589500427,
        "visible_cameras": [
            4
        ]
    },
    {
        "encounter": "encounter_80780",
        "Row_number": 1325,
        "camera": 2,
        "confidence": 0.7670681476593018,
        "visible_cameras": []
    },
    {
        "encounter": "encounter_81873",
        "Row_number": 1426,
        "camera": 4,
        "confidence": 0.7596033215522766,
        "visible_cameras": []
    },
    {
        "encounter": "encounter_82306",
        "Row_number": 1452,
        "camera": 2,
        "confidence": 0.7985370755195618,
        "visible_cameras": []
    },
    {
        "encounter": "encounter_82315",
        "Row_number": 1454,
        "camera": 2,
        "confidence": 0.8786313533782959,
        "visible_cameras": []
    },
    {
        "encounter": "encounter_83036",
        "Row_number": 1522,
        "camera": 1,
        "confidence": 0.9341719150543212,
        "visible_cameras": []
    },
    {
        "encounter": "encounter_83628",
        "Row_number": 1570,
        "camera": 1,
        "confidence": 0.6305562853813171,
        "visible_cameras": [
            4
        ]
    },
    {
        "encounter": "encounter_83912",
        "Row_number": 1586,
        "camera": 3,
        "confidence": 0.8328173160552979,
        "visible_cameras": [
            2
        ]
    },
    {
        "encounter": "encounter_84271",
        "Row_number": 1611,
        "camera": 5,
        "confidence": 0.8185473084449768,
        "visible_cameras": [
            4
        ]
    },
    {
        "encounter": "encounter_84458",
        "Row_number": 1625,
        "camera": 2,
        "confidence": 0.647233784198761,
        "visible_cameras": []
    },
    {
        "encounter": "encounter_84474",
        "Row_number": 1628,
        "camera": 3,
        "confidence": 0.8145033121109009,
        "visible_cameras": [
            2
        ]
    },
    {
        "encounter": "encounter_84685",
        "Row_number": 1648,
        "camera": 2,
        "confidence": 0.6106389760971069,
        "visible_cameras": [
            3,
            4
        ]
    },
    {
        "encounter": "encounter_85243",
        "Row_number": 1684,
        "camera": 1,
        "confidence": 0.8359591960906982,
        "visible_cameras": [
            5
        ]
    },
    {
        "encounter": "encounter_86209",
        "Row_number": 1738,
        "camera": 5,
        "confidence": 0.9153038859367372,
        "visible_cameras": [
            4
        ]
    },
    {
        "encounter": "encounter_87372",
        "Row_number": 1837,
        "camera": 5,
        "confidence": 0.9475041031837464,
        "visible_cameras": [
            4
        ]
    },
    {
        "encounter": "encounter_87683",
        "Row_number": 1856,
        "camera": 3,
        "confidence": 0.8721115589141846,
        "visible_cameras": [
            2
        ]
    },
    {
        "encounter": "encounter_88372",
        "Row_number": 1920,
        "camera": 3,
        "confidence": 0.7480143308639526,
        "visible_cameras": [
            2
        ]
    },
    {
        "encounter": "encounter_88555",
        "Row_number": 1933,
        "camera": 1,
        "confidence": 0.7119444012641907,
        "visible_cameras": [
            5
        ]
    },
    {
        "encounter": "encounter_88786",
        "Row_number": 1949,
        "camera": 4,
        "confidence": 0.690820038318634,
        "visible_cameras": []
    },
    {
        "encounter": "encounter_89004",
        "Row_number": 1964,
        "camera": 5,
        "confidence": 0.7844238877296448,
        "visible_cameras": [
            4
        ]
    },
    {
        "encounter": "encounter_89966",
        "Row_number": 2046,
        "camera": 1,
        "confidence": 0.644067108631134,
        "visible_cameras": []
    },
    {
        "encounter": "encounter_90096",
        "Row_number": 2055,
        "camera": 5,
        "confidence": 0.8285137414932251,
        "visible_cameras": []
    },
    {
        "encounter": "encounter_90140",
        "Row_number": 2058,
        "camera": 2,
        "confidence": 0.556642472743988,
        "visible_cameras": []
    },
    {
        "encounter": "encounter_90156",
        "Row_number": 2060,
        "camera": 5,
        "confidence": 0.8569850325584412,
        "visible_cameras": [
            4
        ]
    },
    {
        "encounter": "encounter_90220",
        "Row_number": 2066,
        "camera": 3,
        "confidence": 0.813274085521698,
        "visible_cameras": []
    },
    {
        "encounter": "encounter_90534",
        "Row_number": 2091,
        "camera": 4,
        "confidence": 0.6337793469429016,
        "visible_cameras": []
    },
    {
        "encounter": "encounter_91367",
        "Row_number": 2155,
        "camera": 5,
        "confidence": 0.8554720282554626,
        "visible_cameras": []
    },
    {
        "encounter": "encounter_91539",
        "Row_number": 2172,
        "camera": 2,
        "confidence": 0.917967975139618,
        "visible_cameras": []
    },
    {
        "encounter": "encounter_91865",
        "Row_number": 2192,
        "camera": 5,
        "confidence": 0.8510044813156128,
        "visible_cameras": [
            4
        ]
    },
    {
        "encounter": "encounter_92188",
        "Row_number": 2219,
        "camera": 3,
        "confidence": 0.6711598038673401,
        "visible_cameras": [
            2
        ]
    },
    {
        "encounter": "encounter_92208",
        "Row_number": 2220,
        "camera": 3,
        "confidence": 0.672306478023529,
        "visible_cameras": [
            2
        ]
    },
    {
        "encounter": "encounter_92457",
        "Row_number": 2242,
        "camera": 2,
        "confidence": 0.7373772859573364,
        "visible_cameras": []
    },
    {
        "encounter": "encounter_92549",
        "Row_number": 2248,
        "camera": 5,
        "confidence": 0.7851174473762512,
        "visible_cameras": []
    },
    {
        "encounter": "encounter_93080",
        "Row_number": 2302,
        "camera": 5,
        "confidence": 0.7491368055343628,
        "visible_cameras": []
    },
    {
        "encounter": "encounter_93410",
        "Row_number": 2321,
        "camera": 5,
        "confidence": 0.852724552154541,
        "visible_cameras": [
            4
        ]
    },
    {
        "encounter": "encounter_93545",
        "Row_number": 2326,
        "camera": 1,
        "confidence": 0.6794735193252563,
        "visible_cameras": []
    },
    {
        "encounter": "encounter_93968",
        "Row_number": 2360,
        "camera": 3,
        "confidence": 0.752532958984375,
        "visible_cameras": [
            2
        ]
    },
    {
        "encounter": "encounter_94043",
        "Row_number": 2365,
        "camera": 5,
        "confidence": 0.8508527874946594,
        "visible_cameras": [
            4
        ]
    },
    {
        "encounter": "encounter_94647",
        "Row_number": 2417,
        "camera": 3,
        "confidence": 0.6990277171134949,
        "visible_cameras": []
    },
    {
        "encounter": "encounter_94832",
        "Row_number": 2428,
        "camera": 2,
        "confidence": 0.7709821462631226,
        "visible_cameras": [
            3
        ]
    },
    {
        "encounter": "encounter_95706",
        "Row_number": 2500,
        "camera": 5,
        "confidence": 0.7181088924407959,
        "visible_cameras": []
    }
]