[
    {
        "encounter": "encounter_64336",
        "Row_number": 19,
        "camera": 3,
        "confidence": 0.8160004019737244,
        "visible_cameras": [
            2
        ]
    },
    {
        "encounter": "encounter_65627",
        "Row_number": 128,
        "camera": 2,
        "confidence": 0.7973537445068359,
        "visible_cameras": []
    },
    {
        "encounter": "encounter_66827",
        "Row_number": 236,
        "camera": 4,
        "confidence": 0.8139550685882568,
        "visible_cameras": []
    },
    {
        "encounter": "encounter_66877",
        "Row_number": 241,
        "camera": 2,
        "confidence": 0.6640917658805847,
        "visible_cameras": []
    },
    {
        "encounter": "encounter_67115",
        "Row_number": 258,
        "camera": 5,
        "confidence": 0.8803274035453796,
        "visible_cameras": [
            4
        ]
    },
    {
        "encounter": "encounter_67580",
        "Row_number": 296,
        "camera": 2,
        "confidence": 0.8772979378700256,
        "visible_cameras": [
            1
        ]
    },
    {
        "encounter": "encounter_67590",
        "Row_number": 297,
        "camera": 4,
        "confidence": 0.7971268892288208,
        "visible_cameras": []
    },
    {
        "encounter": "encounter_67856",
        "Row_number": 321,
        "camera": 5,
        "confidence": 0.7262178063392639,
        "visible_cameras": [
            4
        ]
    },
    {
        "encounter": "encounter_68238",
        "Row_number": 348,
        "camera": 3,
        "confidence": 0.9110895991325378,
        "visible_cameras": [
            2
        ]
    },
    {
        "encounter": "encounter_68279",
        "Row_number": 351,
        "camera": 2,
        "confidence": 0.7809653878211975,
        "visible_cameras": []
    },
    {
        "encounter": "encounter_68543",
        "Row_number": 371,
        "camera": 1,
        "confidence": 0.6519294381141663,
        "visible_cameras": [
            5
        ]
    },
    {
        "encounter": "encounter_68704",
        "Row_number": 380,
        "camera": 3,
        "confidence": 0.7374597787857056,
        "visible_cameras": []
    },
    {
        "encounter": "encounter_69363",
        "Row_number": 435,
        "camera": 1,
        "confidence": 0.8941808342933655,
        "visible_cameras": [
            5
        ]
    },
    {
        "encounter": "encounter_69408",
        "Row_number": 439,
        "camera": 3,
        "confidence": 0.6539635062217712,
        "visible_cameras": [
            2
        ]
    },
    {
        "encounter": "encounter_69581",
        "Row_number": 458,
        "camera": 2,
        "confidence": 0.691360592842102,
        "visible_cameras": []
    },
    {
        "encounter": "encounter_70038",
        "Row_number": 494,
        "camera": 5,
        "confidence": 0.905043363571167,
        "visible_cameras": []
    },
    {
        "encounter": "encounter_70223",
        "Row_number": 510,
        "camera": 1,
        "confidence": 0.8514919877052307,
        "visible_cameras": [
            5
        ]
    },
    {
        "encounter": "encounter_70617",
        "Row_number": 542,
        "camera": 3,
        "confidence": 0.6207315921783447,
        "visible_cameras": [
            2
        ]
    },
    {
        "encounter": "encounter_71042",
        "Row_number": 567,
        "camera": 3,
        "confidence": 0.928739368915558,
        "visible_cameras": [
            2
        ]
    },
    {
        "encounter": "encounter_71068",
        "Row_number": 570,
        "camera": 1,
        "confidence": 0.6858915090560913,
        "visible_cameras": [
            3
        ]
    },
    {
        "encounter": "encounter_71833",
        "Row_number": 634,
        "camera": 5,
        "confidence": 0.941993534564972,
        "visible_cameras": [
            4
        ]
    },
    {
        "encounter": "encounter_72142",
        "Row_number": 653,
        "camera": 4,
        "confidence": 0.8664023280143738,
        "visible_cameras": []
    },
    {
        "encounter": "encounter_72509",
        "Row_number": 681,
        "camera": 2,
        "confidence": 0.8776462078094482,
        "visible_cameras": [
            1
        ]
    },
    {
        "encounter": "encounter_72914",
        "Row_number": 703,
        "camera": 4,
        "confidence": 0.7014816403388977,
        "visible_cameras": []
    },
    {
        "encounter": "encounter_73582",
        "Row_number": 754,
        "camera": 5,
        "confidence": 0.6462112665176392,
        "visible_cameras": [
            2
        ]
    },
    {
        "encounter": "encounter_73808",
        "Row_number": 776,
        "camera": 5,
        "confidence": 0.7979626059532166,
        "visible_cameras": [
            4
        ]
    },
    {
        "encounter": "encounter_74130",
        "Row_number": 803,
        "camera": 5,
        "confidence": 0.7802785038948059,
        "visible_cameras": [
            4
        ]
    },
    {
        "encounter": "encounter_74583",
        "Row_number": 843,
        "camera": 3,
        "confidence": 0.736671507358551,
        "visible_cameras": []
    },
    {
        "encounter": "encounter_74645",
        "Row_number": 847,
        "camera": 5,
        "confidence": 0.831819474697113,
        "visible_cameras": []
    },
    {
        "encounter": "encounter_74828",
        "Row_number": 861,
        "camera": 1,
        "confidence": 0.5678017735481262,
        "visible_cameras": [
            5
        ]
    },
    {
        "encounter": "encounter_75288",
        "Row_number": 899,
        "camera": 3,
        "confidence": 0.8496128916740417,
        "visible_cameras": [
            2
        ]
    },
    {
        "encounter": "encounter_76419",
        "Row_number": 988,
        "camera": 5,
        "confidence": 0.8755064606666565,
        "visible_cameras": [
            4
        ]
    },
    {
        "encounter": "encounter_76460",
        "Row_number": 994,
        "camera": 4,
        "confidence": 0.7707638144493103,
        "visible_cameras": []
    },
    {
        "encounter": "encounter_77459",
        "Row_number": 1074,
        "camera": 2,
        "confidence": 0.6829521656036377,
        "visible_cameras": []
    },
    {
        "encounter": "encounter_77529",
        "Row_number": 1080,
        "camera": 5,
        "confidence": 0.8745633363723755,
        "visible_cameras": [
            4
        ]
    },
    {
        "encounter": "encounter_77972",
        "Row_number": 1120,
        "camera": 3,
        "confidence": 0.8639218807220459,
        "visible_cameras": [
            2
        ]
    },
    {
        "encounter": "encounter_78043",
        "Row_number": 1125,
        "camera": 4,
        "confidence": 0.6785189509391785,
        "visible_cameras": []
    },
    {
        "encounter": "encounter_78579",
        "Row_number": 1168,
        "camera": 5,
        "confidence": 0.8583064079284668,
        "visible_cameras": [
            4
        ]
    },
    {
        "encounter": "encounter_78891",
        "Row_number": 1187,
        "camera": 5,
        "confidence": 0.8075278997421265,
        "visible_cameras": [
            4
        ]
    },
    {
        "encounter": "encounter_79037",
        "Row_number": 1195,
        "camera": 5,
        "confidence": 0.7078135013580322,
        "visible_cameras": [
            4
        ]
    },
    {
        "encounter": "encounter_79275",
        "Row_number": 1215,
        "camera": 5,
        "confidence": 0.8780969977378845,
        "visible_cameras": [
            4
        ]
    },
    {
        "encounter": "encounter_79339",
        "Row_number": 1219,
        "camera": 5,
        "confidence": 0.5699342489242554,
        "visible_cameras": [
            4
        ]
    },
    {
        "encounter": "encounter_81873",
        "Row_number": 1426,
        "camera": 4,
        "confidence": 0.8214144706726074,
        "visible_cameras": []
    },
    {
        "encounter": "encounter_82315",
        "Row_number": 1454,
        "camera": 2,
        "confidence": 0.9104140400886536,
        "visible_cameras": []
    },
    {
        "encounter": "encounter_82594",
        "Row_number": 1483,
        "camera": 5,
        "confidence": 0.6744167804718018,
        "visible_cameras": [
            4
        ]
    },
    {
        "encounter": "encounter_83036",
        "Row_number": 1522,
        "camera": 1,
        "confidence": 0.941556453704834,
        "visible_cameras": []
    },
    {
        "encounter": "encounter_84474",
        "Row_number": 1628,
        "camera": 3,
        "confidence": 0.7260348200798035,
        "visible_cameras": [
            2
        ]
    },
    {
        "encounter": "encounter_85243",
        "Row_number": 1684,
        "camera": 1,
        "confidence": 0.8930973410606384,
        "visible_cameras": [
            5
        ]
    },
    {
        "encounter": "encounter_86209",
        "Row_number": 1738,
        "camera": 5,
        "confidence": 0.9264846444129944,
        "visible_cameras": [
            4
        ]
    },
    {
        "encounter": "encounter_86383",
        "Row_number": 1755,
        "camera": 2,
        "confidence": 0.6979330778121948,
        "visible_cameras": []
    },
    {
        "encounter": "encounter_86995",
        "Row_number": 1795,
        "camera": 4,
        "confidence": 0.8175305128097534,
        "visible_cameras": []
    },
    {
        "encounter": "encounter_87372",
        "Row_number": 1837,
        "camera": 5,
        "confidence": 0.9568328261375428,
        "visible_cameras": [
            4
        ]
    },
    {
        "encounter": "encounter_87683",
        "Row_number": 1856,
        "camera": 3,
        "confidence": 0.808407187461853,
        "visible_cameras": [
            2
        ]
    },
    {
        "encounter": "encounter_87928",
        "Row_number": 1875,
        "camera": 2,
        "confidence": 0.6403956413269043,
        "visible_cameras": [
            3,
            4
        ]
    },
    {
        "encounter": "encounter_88372",
        "Row_number": 1920,
        "camera": 3,
        "confidence": 0.8023076057434082,
        "visible_cameras": [
            2
        ]
    },
    {
        "encounter": "encounter_88555",
        "Row_number": 1933,
        "camera": 1,
        "confidence": 0.8151904940605164,
        "visible_cameras": [
            5
        ]
    },
    {
        "encounter": "encounter_88566",
        "Row_number": 1935,
        "camera": 1,
        "confidence": 0.6107838749885559,
        "visible_cameras": [
            2
        ]
    },
    {
        "encounter": "encounter_88786",
        "Row_number": 1949,
        "camera": 4,
        "confidence": 0.7225122451782227,
        "visible_cameras": []
    },
    {
        "encounter": "encounter_89966",
        "Row_number": 2046,
        "camera": 1,
        "confidence": 0.6264623403549194,
        "visible_cameras": []
    },
    {
        "encounter": "encounter_90096",
        "Row_number": 2055,
        "camera": 5,
        "confidence": 0.8414629697799683,
        "visible_cameras": []
    },
    {
        "encounter": "encounter_90126",
        "Row_number": 2057,
        "camera": 1,
        "confidence": 0.6562313437461853,
        "visible_cameras": []
    },
    {
        "encounter": "encounter_90156",
        "Row_number": 2060,
        "camera": 5,
        "confidence": 0.8474323153495789,
        "visible_cameras": [
            4
        ]
    },
    {
        "encounter": "encounter_90220",
        "Row_number": 2066,
        "camera": 3,
        "confidence": 0.8332452178001404,
        "visible_cameras": []
    },
    {
        "encounter": "encounter_90437",
        "Row_number": 2080,
        "camera": 3,
        "confidence": 0.787682831287384,
        "visible_cameras": [
            2
        ]
    },
    {
        "encounter": "encounter_91367",
        "Row_number": 2155,
        "camera": 5,
        "confidence": 0.891783595085144,
        "visible_cameras": []
    },
    {
        "encounter": "encounter_91539",
        "Row_number": 2172,
        "camera": 2,
        "confidence": 0.9239023327827454,
        "visible_cameras": []
    },
    {
        "encounter": "encounter_91829",
        "Row_number": 2187,
        "camera": 5,
        "confidence": 0.5572143197059631,
        "visible_cameras": [
            4
        ]
    },
    {
        "encounter": "encounter_91844",
        "Row_number": 2189,
        "camera": 4,
        "confidence": 0.8273841738700867,
        "visible_cameras": []
    },
    {
        "encounter": "encounter_92188",
        "Row_number": 2219,
        "camera": 3,
        "confidence": 0.7743393778800964,
        "visible_cameras": [
            2
        ]
    },
    {
        "encounter": "encounter_92457",
        "Row_number": 2242,
        "camera": 2,
        "confidence": 0.8207387328147888,
        "visible_cameras": []
    },
    {
        "encounter": "encounter_93080",
        "Row_number": 2302,
        "camera": 5,
        "confidence": 0.8735648393630981,
        "visible_cameras": []
    },
    {
        "encounter": "encounter_93410",
        "Row_number": 2321,
        "camera": 5,
        "confidence": 0.9285526871681212,
        "visible_cameras": [
            4
        ]
    },
    {
        "encounter": "encounter_94043",
        "Row_number": 2365,
        "camera": 5,
        "confidence": 0.8657986521720886,
        "visible_cameras": [
            4
        ]
    },
    {
        "encounter": "encounter_94832",
        "Row_number": 2428,
        "camera": 2,
        "confidence": 0.732109546661377,
        "visible_cameras": [
            3
        ]
    },
    {
        "encounter": "encounter_95145",
        "Row_number": 2454,
        "camera": 5,
        "confidence": 0.6305578351020813,
        "visible_cameras": [
            2
        ]
    },
    {
        "encounter": "encounter_95654",
        "Row_number": 2495,
        "camera": 4,
        "confidence": 0.6481201648712158,
        "visible_cameras": []
    }
]