[
    {
        "encounter": "encounter_1325",
        "Row_number": 104,
        "camera": 1,
        "confidence": 0.6333072781562805,
        "visible_cameras": []
    },
    {
        "encounter": "encounter_2040",
        "Row_number": 158,
        "camera": 2,
        "confidence": 0.6169427633285522,
        "visible_cameras": [
            4
        ]
    },
    {
        "encounter": "encounter_2529",
        "Row_number": 190,
        "camera": 5,
        "confidence": 0.8290417194366455,
        "visible_cameras": [
            1
        ]
    },
    {
        "encounter": "encounter_2761",
        "Row_number": 214,
        "camera": 3,
        "confidence": 0.8174092769622803,
        "visible_cameras": []
    },
    {
        "encounter": "encounter_3045",
        "Row_number": 240,
        "camera": 2,
        "confidence": 0.7786411046981812,
        "visible_cameras": [
            1
        ]
    },
    {
        "encounter": "encounter_3255",
        "Row_number": 261,
        "camera": 5,
        "confidence": 0.746964156627655,
        "visible_cameras": [
            4
        ]
    },
    {
        "encounter": "encounter_3676",
        "Row_number": 288,
        "camera": 1,
        "confidence": 0.7266809940338135,
        "visible_cameras": []
    },
    {
        "encounter": "encounter_4190",
        "Row_number": 320,
        "camera": 2,
        "confidence": 0.8323115706443787,
        "visible_cameras": []
    },
    {
        "encounter": "encounter_4757",
        "Row_number": 365,
        "camera": 3,
        "confidence": 0.8427560925483704,
        "visible_cameras": [
            2
        ]
    },
    {
        "encounter": "encounter_4957",
        "Row_number": 379,
        "camera": 1,
        "confidence": 0.5717306137084961,
        "visible_cameras": [
            4
        ]
    },
    {
        "encounter": "encounter_4997",
        "Row_number": 385,
        "camera": 1,
        "confidence": 0.859699547290802,
        "visible_cameras": []
    },
    {
        "encounter": "encounter_5303",
        "Row_number": 416,
        "camera": 5,
        "confidence": 0.6416721343994141,
        "visible_cameras": []
    },
    {
        "encounter": "encounter_5934",
        "Row_number": 464,
        "camera": 1,
        "confidence": 0.858705461025238,
        "visible_cameras": []
    },
    {
        "encounter": "encounter_6160",
        "Row_number": 481,
        "camera": 5,
        "confidence": 0.865535318851471,
        "visible_cameras": [
            4
        ]
    },
    {
        "encounter": "encounter_6639",
        "Row_number": 522,
        "camera": 1,
        "confidence": 0.7514365911483765,
        "visible_cameras": [
            2
        ]
    },
    {
        "encounter": "encounter_6723",
        "Row_number": 530,
        "camera": 2,
        "confidence": 0.6294580698013306,
        "visible_cameras": []
    },
    {
        "encounter": "encounter_7298",
        "Row_number": 583,
        "camera": 5,
        "confidence": 0.6640005111694336,
        "visible_cameras": [
            4
        ]
    },
    {
        "encounter": "encounter_7513",
        "Row_number": 599,
        "camera": 5,
        "confidence": 0.6584400534629822,
        "visible_cameras": []
    },
    {
        "encounter": "encounter_7618",
        "Row_number": 604,
        "camera": 5,
        "confidence": 0.5890239477157593,
        "visible_cameras": []
    },
    {
        "encounter": "encounter_8865",
        "Row_number": 685,
        "camera": 5,
        "confidence": 0.8836972117424011,
        "visible_cameras": [
            4
        ]
    },
    {
        "encounter": "encounter_8895",
        "Row_number": 687,
        "camera": 3,
        "confidence": 0.8658531904220581,
        "visible_cameras": [
            2
        ]
    },
    {
        "encounter": "encounter_9937",
        "Row_number": 761,
        "camera": 1,
        "confidence": 0.8230500817298889,
        "visible_cameras": [
            5
        ]
    },
    {
        "encounter": "encounter_9950",
        "Row_number": 763,
        "camera": 3,
        "confidence": 0.8560174703598022,
        "visible_cameras": [
            2
        ]
    },
    {
        "encounter": "encounter_10105",
        "Row_number": 776,
        "camera": 5,
        "confidence": 0.8668314814567566,
        "visible_cameras": [
            4
        ]
    },
    {
        "encounter": "encounter_10365",
        "Row_number": 797,
        "camera": 1,
        "confidence": 0.5803343653678894,
        "visible_cameras": [
            3
        ]
    },
    {
        "encounter": "encounter_10745",
        "Row_number": 820,
        "camera": 5,
        "confidence": 0.6387820243835449,
        "visible_cameras": []
    },
    {
        "encounter": "encounter_10920",
        "Row_number": 834,
        "camera": 5,
        "confidence": 0.5883314609527588,
        "visible_cameras": [
            4
        ]
    },
    {
        "encounter": "encounter_11133",
        "Row_number": 843,
        "camera": 5,
        "confidence": 0.8284333348274231,
        "visible_cameras": [
            4
        ]
    },
    {
        "encounter": "encounter_11430",
        "Row_number": 877,
        "camera": 2,
        "confidence": 0.6691900491714478,
        "visible_cameras": []
    },
    {
        "encounter": "encounter_11516",
        "Row_number": 884,
        "camera": 5,
        "confidence": 0.7033425569534302,
        "visible_cameras": []
    },
    {
        "encounter": "encounter_11816",
        "Row_number": 909,
        "camera": 5,
        "confidence": 0.6368298530578613,
        "visible_cameras": [
            4
        ]
    },
    {
        "encounter": "encounter_11841",
        "Row_number": 910,
        "camera": 5,
        "confidence": 0.7612957954406738,
        "visible_cameras": [
            4
        ]
    },
    {
        "encounter": "encounter_11886",
        "Row_number": 914,
        "camera": 1,
        "confidence": 0.7080891728401184,
        "visible_cameras": [
            4
        ]
    },
    {
        "encounter": "encounter_12598",
        "Row_number": 971,
        "camera": 5,
        "confidence": 0.6840258240699768,
        "visible_cameras": [
            4
        ]
    },
    {
        "encounter": "encounter_13013",
        "Row_number": 1003,
        "camera": 5,
        "confidence": 0.8930788040161133,
        "visible_cameras": [
            4
        ]
    },
    {
        "encounter": "encounter_13186",
        "Row_number": 1018,
        "camera": 3,
        "confidence": 0.9147375226020812,
        "visible_cameras": [
            2
        ]
    },
    {
        "encounter": "encounter_13189",
        "Row_number": 1019,
        "camera": 5,
        "confidence": 0.6262013912200928,
        "visible_cameras": []
    },
    {
        "encounter": "encounter_13724",
        "Row_number": 1069,
        "camera": 1,
        "confidence": 0.8848347067832947,
        "visible_cameras": []
    },
    {
        "encounter": "encounter_14760",
        "Row_number": 1144,
        "camera": 1,
        "confidence": 0.7526459097862244,
        "visible_cameras": [
            5
        ]
    },
    {
        "encounter": "encounter_14794",
        "Row_number": 1147,
        "camera": 3,
        "confidence": 0.7686671614646912,
        "visible_cameras": [
            2
        ]
    },
    {
        "encounter": "encounter_14877",
        "Row_number": 1153,
        "camera": 3,
        "confidence": 0.5512729287147522,
        "visible_cameras": [
            2
        ]
    },
    {
        "encounter": "encounter_14987",
        "Row_number": 1159,
        "camera": 4,
        "confidence": 0.5560495257377625,
        "visible_cameras": [
            3
        ]
    },
    {
        "encounter": "encounter_15947",
        "Row_number": 1223,
        "camera": 5,
        "confidence": 0.9238422513008118,
        "visible_cameras": [
            4
        ]
    },
    {
        "encounter": "encounter_16447",
        "Row_number": 1256,
        "camera": 2,
        "confidence": 0.7528248429298401,
        "visible_cameras": []
    },
    {
        "encounter": "encounter_16622",
        "Row_number": 1268,
        "camera": 5,
        "confidence": 0.6184334754943848,
        "visible_cameras": [
            4
        ]
    },
    {
        "encounter": "encounter_16766",
        "Row_number": 1282,
        "camera": 2,
        "confidence": 0.7394523620605469,
        "visible_cameras": []
    },
    {
        "encounter": "encounter_16790",
        "Row_number": 1285,
        "camera": 3,
        "confidence": 0.8541708588600159,
        "visible_cameras": []
    },
    {
        "encounter": "encounter_16963",
        "Row_number": 1296,
        "camera": 5,
        "confidence": 0.5851972103118896,
        "visible_cameras": []
    },
    {
        "encounter": "encounter_17021",
        "Row_number": 1300,
        "camera": 3,
        "confidence": 0.7469106316566467,
        "visible_cameras": [
            2
        ]
    },
    {
        "encounter": "encounter_17288",
        "Row_number": 1318,
        "camera": 5,
        "confidence": 0.8709394335746765,
        "visible_cameras": []
    },
    {
        "encounter": "encounter_17380",
        "Row_number": 1325,
        "camera": 4,
        "confidence": 0.7407057285308838,
        "visible_cameras": []
    },
    {
        "encounter": "encounter_17397",
        "Row_number": 1328,
        "camera": 5,
        "confidence": 0.848192036151886,
        "visible_cameras": [
            4
        ]
    },
    {
        "encounter": "encounter_17447",
        "Row_number": 1333,
        "camera": 1,
        "confidence": 0.8883990049362183,
        "visible_cameras": [
            5
        ]
    },
    {
        "encounter": "encounter_18939",
        "Row_number": 1463,
        "camera": 3,
        "confidence": 0.7234390377998352,
        "visible_cameras": [
            2
        ]
    },
    {
        "encounter": "encounter_19421",
        "Row_number": 1499,
        "camera": 3,
        "confidence": 0.805432140827179,
        "visible_cameras": [
            2
        ]
    },
    {
        "encounter": "encounter_19645",
        "Row_number": 1512,
        "camera": 1,
        "confidence": 0.8163925409317017,
        "visible_cameras": [
            5
        ]
    },
    {
        "encounter": "encounter_19652",
        "Row_number": 1513,
        "camera": 2,
        "confidence": 0.6416640877723694,
        "visible_cameras": []
    },
    {
        "encounter": "encounter_19885",
        "Row_number": 1538,
        "camera": 3,
        "confidence": 0.7532557845115662,
        "visible_cameras": [
            2
        ]
    },
    {
        "encounter": "encounter_20000",
        "Row_number": 1543,
        "camera": 3,
        "confidence": 0.8336017727851868,
        "visible_cameras": [
            2
        ]
    },
    {
        "encounter": "encounter_20060",
        "Row_number": 1550,
        "camera": 1,
        "confidence": 0.5589872598648071,
        "visible_cameras": [
            2
        ]
    },
    {
        "encounter": "encounter_20064",
        "Row_number": 1551,
        "camera": 4,
        "confidence": 0.7939280271530151,
        "visible_cameras": []
    },
    {
        "encounter": "encounter_20342",
        "Row_number": 1581,
        "camera": 2,
        "confidence": 0.8476353287696838,
        "visible_cameras": []
    },
    {
        "encounter": "encounter_20344",
        "Row_number": 1582,
        "camera": 1,
        "confidence": 0.6168327927589417,
        "visible_cameras": [
            4
        ]
    },
    {
        "encounter": "encounter_20347",
        "Row_number": 1583,
        "camera": 5,
        "confidence": 0.5765501260757446,
        "visible_cameras": [
            4
        ]
    },
    {
        "encounter": "encounter_20435",
        "Row_number": 1587,
        "camera": 2,
        "confidence": 0.7200855612754822,
        "visible_cameras": [
            1
        ]
    },
    {
        "encounter": "encounter_20962",
        "Row_number": 1616,
        "camera": 5,
        "confidence": 0.8861432671546936,
        "visible_cameras": [
            4
        ]
    },
    {
        "encounter": "encounter_21390",
        "Row_number": 1655,
        "camera": 4,
        "confidence": 0.7575868964195251,
        "visible_cameras": []
    },
    {
        "encounter": "encounter_21452",
        "Row_number": 1661,
        "camera": 3,
        "confidence": 0.7477915287017822,
        "visible_cameras": []
    },
    {
        "encounter": "encounter_21621",
        "Row_number": 1674,
        "camera": 2,
        "confidence": 0.6443129777908325,
        "visible_cameras": [
            3
        ]
    },
    {
        "encounter": "encounter_22382",
        "Row_number": 1733,
        "camera": 5,
        "confidence": 0.820595383644104,
        "visible_cameras": [
            4
        ]
    },
    {
        "encounter": "encounter_24626",
        "Row_number": 1883,
        "camera": 2,
        "confidence": 0.9226801991462708,
        "visible_cameras": [
            1
        ]
    },
    {
        "encounter": "encounter_24900",
        "Row_number": 1897,
        "camera": 2,
        "confidence": 0.7663264870643616,
        "visible_cameras": [
            1
        ]
    },
    {
        "encounter": "encounter_25945",
        "Row_number": 1981,
        "camera": 3,
        "confidence": 0.5606029629707336,
        "visible_cameras": []
    },
    {
        "encounter": "encounter_26095",
        "Row_number": 1991,
        "camera": 1,
        "confidence": 0.5947498679161072,
        "visible_cameras": [
            4
        ]
    },
    {
        "encounter": "encounter_26352",
        "Row_number": 2007,
        "camera": 4,
        "confidence": 0.6465499997138977,
        "visible_cameras": []
    },
    {
        "encounter": "encounter_26460",
        "Row_number": 2019,
        "camera": 4,
        "confidence": 0.6289757490158081,
        "visible_cameras": []
    },
    {
        "encounter": "encounter_27538",
        "Row_number": 2100,
        "camera": 5,
        "confidence": 0.8462619781494141,
        "visible_cameras": [
            4
        ]
    },
    {
        "encounter": "encounter_27585",
        "Row_number": 2105,
        "camera": 3,
        "confidence": 0.8573617935180664,
        "visible_cameras": [
            2
        ]
    },
    {
        "encounter": "encounter_27863",
        "Row_number": 2129,
        "camera": 1,
        "confidence": 0.5896939635276794,
        "visible_cameras": [
            4
        ]
    },
    {
        "encounter": "encounter_28580",
        "Row_number": 2197,
        "camera": 1,
        "confidence": 0.8068035840988159,
        "visible_cameras": [
            5
        ]
    },
    {
        "encounter": "encounter_28598",
        "Row_number": 2198,
        "camera": 2,
        "confidence": 0.5718075037002563,
        "visible_cameras": []
    },
    {
        "encounter": "encounter_28835",
        "Row_number": 2219,
        "camera": 5,
        "confidence": 0.7857750654220581,
        "visible_cameras": [
            4
        ]
    },
    {
        "encounter": "encounter_29032",
        "Row_number": 2239,
        "camera": 5,
        "confidence": 0.8851484656333923,
        "visible_cameras": [
            4
        ]
    },
    {
        "encounter": "encounter_30459",
        "Row_number": 2356,
        "camera": 3,
        "confidence": 0.8740476965904236,
        "visible_cameras": [
            2
        ]
    },
    {
        "encounter": "encounter_30764",
        "Row_number": 2381,
        "camera": 5,
        "confidence": 0.6577531695365906,
        "visible_cameras": [
            4
        ]
    },
    {
        "encounter": "encounter_31016",
        "Row_number": 2406,
        "camera": 3,
        "confidence": 0.8858563899993896,
        "visible_cameras": [
            2
        ]
    },
    {
        "encounter": "encounter_31064",
        "Row_number": 2412,
        "camera": 3,
        "confidence": 0.6072309017181396,
        "visible_cameras": [
            2
        ]
    },
    {
        "encounter": "encounter_31117",
        "Row_number": 2417,
        "camera": 4,
        "confidence": 0.880541205406189,
        "visible_cameras": []
    },
    {
        "encounter": "encounter_31210",
        "Row_number": 2423,
        "camera": 1,
        "confidence": 0.6840649843215942,
        "visible_cameras": [
            5
        ]
    },
    {
        "encounter": "encounter_31754",
        "Row_number": 2467,
        "camera": 3,
        "confidence": 0.8601090312004089,
        "visible_cameras": [
            2
        ]
    },
    {
        "encounter": "encounter_31877",
        "Row_number": 2474,
        "camera": 5,
        "confidence": 0.9081659317016602,
        "visible_cameras": [
            4
        ]
    }
]