[
    {
        "encounter": "encounter_32609",
        "Row_number": 34,
        "camera": 5,
        "confidence": 0.8980029821395874,
        "visible_cameras": [
            4
        ]
    },
    {
        "encounter": "encounter_33155",
        "Row_number": 86,
        "camera": 5,
        "confidence": 0.7655982971191406,
        "visible_cameras": [
            4
        ]
    },
    {
        "encounter": "encounter_33692",
        "Row_number": 132,
        "camera": 3,
        "confidence": 0.7626226544380188,
        "visible_cameras": []
    },
    {
        "encounter": "encounter_33942",
        "Row_number": 144,
        "camera": 5,
        "confidence": 0.6454824805259705,
        "visible_cameras": [
            4
        ]
    },
    {
        "encounter": "encounter_34375",
        "Row_number": 173,
        "camera": 5,
        "confidence": 0.6986130475997925,
        "visible_cameras": [
            4
        ]
    },
    {
        "encounter": "encounter_34686",
        "Row_number": 198,
        "camera": 5,
        "confidence": 0.5844045877456665,
        "visible_cameras": [
            4
        ]
    },
    {
        "encounter": "encounter_34841",
        "Row_number": 210,
        "camera": 5,
        "confidence": 0.6659456491470337,
        "visible_cameras": [
            4
        ]
    },
    {
        "encounter": "encounter_35090",
        "Row_number": 231,
        "camera": 2,
        "confidence": 0.6305907368659973,
        "visible_cameras": []
    },
    {
        "encounter": "encounter_37414",
        "Row_number": 413,
        "camera": 2,
        "confidence": 0.5966075658798218,
        "visible_cameras": []
    },
    {
        "encounter": "encounter_40204",
        "Row_number": 640,
        "camera": 4,
        "confidence": 0.7156846523284912,
        "visible_cameras": []
    },
    {
        "encounter": "encounter_40629",
        "Row_number": 673,
        "camera": 3,
        "confidence": 0.6127397418022156,
        "visible_cameras": [
            2
        ]
    },
    {
        "encounter": "encounter_41776",
        "Row_number": 766,
        "camera": 3,
        "confidence": 0.6615146994590759,
        "visible_cameras": [
            2
        ]
    },
    {
        "encounter": "encounter_42273",
        "Row_number": 808,
        "camera": 5,
        "confidence": 0.8428576588630676,
        "visible_cameras": []
    },
    {
        "encounter": "encounter_43247",
        "Row_number": 901,
        "camera": 5,
        "confidence": 0.6214002370834351,
        "visible_cameras": []
    },
    {
        "encounter": "encounter_43893",
        "Row_number": 956,
        "camera": 5,
        "confidence": 0.5766767859458923,
        "visible_cameras": [
            4
        ]
    },
    {
        "encounter": "encounter_44887",
        "Row_number": 1025,
        "camera": 1,
        "confidence": 0.7671689987182617,
        "visible_cameras": [
            5
        ]
    },
    {
        "encounter": "encounter_46206",
        "Row_number": 1127,
        "camera": 1,
        "confidence": 0.5811988711357117,
        "visible_cameras": []
    },
    {
        "encounter": "encounter_46731",
        "Row_number": 1169,
        "camera": 3,
        "confidence": 0.8884814381599426,
        "visible_cameras": [
            2
        ]
    },
    {
        "encounter": "encounter_47059",
        "Row_number": 1195,
        "camera": 3,
        "confidence": 0.8901154398918152,
        "visible_cameras": [
            2
        ]
    },
    {
        "encounter": "encounter_47805",
        "Row_number": 1251,
        "camera": 4,
        "confidence": 0.7259749174118042,
        "visible_cameras": [
            5
        ]
    },
    {
        "encounter": "encounter_47903",
        "Row_number": 1261,
        "camera": 3,
        "confidence": 0.860840380191803,
        "visible_cameras": []
    },
    {
        "encounter": "encounter_48875",
        "Row_number": 1347,
        "camera": 1,
        "confidence": 0.736274003982544,
        "visible_cameras": []
    },
    {
        "encounter": "encounter_49255",
        "Row_number": 1373,
        "camera": 5,
        "confidence": 0.642512857913971,
        "visible_cameras": [
            4
        ]
    },
    {
        "encounter": "encounter_51112",
        "Row_number": 1510,
        "camera": 5,
        "confidence": 0.7187443971633911,
        "visible_cameras": [
            4
        ]
    },
    {
        "encounter": "encounter_51517",
        "Row_number": 1530,
        "camera": 5,
        "confidence": 0.5815057158470154,
        "visible_cameras": [
            4
        ]
    },
    {
        "encounter": "encounter_51527",
        "Row_number": 1532,
        "camera": 3,
        "confidence": 0.7615363597869873,
        "visible_cameras": [
            2
        ]
    },
    {
        "encounter": "encounter_51909",
        "Row_number": 1558,
        "camera": 5,
        "confidence": 0.9314030408859252,
        "visible_cameras": [
            4
        ]
    },
    {
        "encounter": "encounter_52051",
        "Row_number": 1573,
        "camera": 2,
        "confidence": 0.8600399494171143,
        "visible_cameras": []
    },
    {
        "encounter": "encounter_52165",
        "Row_number": 1582,
        "camera": 5,
        "confidence": 0.7668067812919617,
        "visible_cameras": []
    },
    {
        "encounter": "encounter_52449",
        "Row_number": 1602,
        "camera": 5,
        "confidence": 0.8721943497657776,
        "visible_cameras": [
            4
        ]
    },
    {
        "encounter": "encounter_53410",
        "Row_number": 1679,
        "camera": 5,
        "confidence": 0.8731690049171448,
        "visible_cameras": [
            4
        ]
    },
    {
        "encounter": "encounter_54041",
        "Row_number": 1731,
        "camera": 3,
        "confidence": 0.792477548122406,
        "visible_cameras": [
            2
        ]
    },
    {
        "encounter": "encounter_55181",
        "Row_number": 1811,
        "camera": 4,
        "confidence": 0.7873064875602722,
        "visible_cameras": []
    },
    {
        "encounter": "encounter_57621",
        "Row_number": 1990,
        "camera": 3,
        "confidence": 0.8141442537307739,
        "visible_cameras": [
            2
        ]
    },
    {
        "encounter": "encounter_57625",
        "Row_number": 1992,
        "camera": 4,
        "confidence": 0.9266452193260192,
        "visible_cameras": []
    },
    {
        "encounter": "encounter_58670",
        "Row_number": 2059,
        "camera": 1,
        "confidence": 0.7540132403373718,
        "visible_cameras": [
            5
        ]
    },
    {
        "encounter": "encounter_60406",
        "Row_number": 2204,
        "camera": 5,
        "confidence": 0.7631607055664062,
        "visible_cameras": []
    },
    {
        "encounter": "encounter_60701",
        "Row_number": 2232,
        "camera": 1,
        "confidence": 0.8794673085212708,
        "visible_cameras": [
            5
        ]
    },
    {
        "encounter": "encounter_62532",
        "Row_number": 2373,
        "camera": 2,
        "confidence": 0.6795393228530884,
        "visible_cameras": []
    },
    {
        "encounter": "encounter_62581",
        "Row_number": 2380,
        "camera": 5,
        "confidence": 0.8267706632614136,
        "visible_cameras": []
    },
    {
        "encounter": "encounter_63476",
        "Row_number": 2445,
        "camera": 3,
        "confidence": 0.5773481130599976,
        "visible_cameras": []
    }
]