[
    {
        "encounter": "encounter_64336",
        "Row_number": 19,
        "camera": 3,
        "confidence": 0.8254568576812744,
        "visible_cameras": [
            2
        ]
    },
    {
        "encounter": "encounter_65627",
        "Row_number": 128,
        "camera": 2,
        "confidence": 0.7909612655639648,
        "visible_cameras": []
    },
    {
        "encounter": "encounter_66827",
        "Row_number": 236,
        "camera": 4,
        "confidence": 0.9417328834533693,
        "visible_cameras": []
    },
    {
        "encounter": "encounter_66877",
        "Row_number": 241,
        "camera": 2,
        "confidence": 0.5823100805282593,
        "visible_cameras": []
    },
    {
        "encounter": "encounter_67115",
        "Row_number": 258,
        "camera": 5,
        "confidence": 0.8879222273826599,
        "visible_cameras": [
            4
        ]
    },
    {
        "encounter": "encounter_67580",
        "Row_number": 296,
        "camera": 2,
        "confidence": 0.8721641898155212,
        "visible_cameras": [
            1
        ]
    },
    {
        "encounter": "encounter_67590",
        "Row_number": 297,
        "camera": 4,
        "confidence": 0.7691028118133545,
        "visible_cameras": []
    },
    {
        "encounter": "encounter_67729",
        "Row_number": 313,
        "camera": 2,
        "confidence": 0.7742456793785095,
        "visible_cameras": []
    },
    {
        "encounter": "encounter_67856",
        "Row_number": 321,
        "camera": 5,
        "confidence": 0.7312392592430115,
        "visible_cameras": [
            4
        ]
    },
    {
        "encounter": "encounter_68238",
        "Row_number": 348,
        "camera": 3,
        "confidence": 0.8886474370956421,
        "visible_cameras": [
            2
        ]
    },
    {
        "encounter": "encounter_68279",
        "Row_number": 351,
        "camera": 2,
        "confidence": 0.7845746874809265,
        "visible_cameras": []
    },
    {
        "encounter": "encounter_68543",
        "Row_number": 371,
        "camera": 1,
        "confidence": 0.5974271297454834,
        "visible_cameras": [
            5
        ]
    },
    {
        "encounter": "encounter_68704",
        "Row_number": 380,
        "camera": 3,
        "confidence": 0.688598096370697,
        "visible_cameras": []
    },
    {
        "encounter": "encounter_68759",
        "Row_number": 382,
        "camera": 3,
        "confidence": 0.7361487746238708,
        "visible_cameras": [
            2
        ]
    },
    {
        "encounter": "encounter_69363",
        "Row_number": 435,
        "camera": 1,
        "confidence": 0.8962069153785706,
        "visible_cameras": [
            5
        ]
    },
    {
        "encounter": "encounter_69408",
        "Row_number": 439,
        "camera": 3,
        "confidence": 0.684301495552063,
        "visible_cameras": [
            2
        ]
    },
    {
        "encounter": "encounter_69581",
        "Row_number": 458,
        "camera": 2,
        "confidence": 0.716378927230835,
        "visible_cameras": []
    },
    {
        "encounter": "encounter_70038",
        "Row_number": 494,
        "camera": 5,
        "confidence": 0.8986508250236511,
        "visible_cameras": []
    },
    {
        "encounter": "encounter_70223",
        "Row_number": 510,
        "camera": 1,
        "confidence": 0.864025354385376,
        "visible_cameras": [
            5
        ]
    },
    {
        "encounter": "encounter_70617",
        "Row_number": 542,
        "camera": 3,
        "confidence": 0.6647560596466064,
        "visible_cameras": [
            2
        ]
    },
    {
        "encounter": "encounter_70793",
        "Row_number": 558,
        "camera": 1,
        "confidence": 0.7742726802825928,
        "visible_cameras": []
    },
    {
        "encounter": "encounter_71042",
        "Row_number": 567,
        "camera": 3,
        "confidence": 0.9297304153442384,
        "visible_cameras": [
            2
        ]
    },
    {
        "encounter": "encounter_71068",
        "Row_number": 570,
        "camera": 1,
        "confidence": 0.690992534160614,
        "visible_cameras": [
            3
        ]
    },
    {
        "encounter": "encounter_71677",
        "Row_number": 622,
        "camera": 4,
        "confidence": 0.6497151851654053,
        "visible_cameras": []
    },
    {
        "encounter": "encounter_71833",
        "Row_number": 634,
        "camera": 5,
        "confidence": 0.93206787109375,
        "visible_cameras": [
            4
        ]
    },
    {
        "encounter": "encounter_72142",
        "Row_number": 653,
        "camera": 4,
        "confidence": 0.8581401109695435,
        "visible_cameras": []
    },
    {
        "encounter": "encounter_72509",
        "Row_number": 681,
        "camera": 2,
        "confidence": 0.8693240880966187,
        "visible_cameras": [
            1
        ]
    },
    {
        "encounter": "encounter_72914",
        "Row_number": 703,
        "camera": 4,
        "confidence": 0.6296558976173401,
        "visible_cameras": []
    },
    {
        "encounter": "encounter_73808",
        "Row_number": 776,
        "camera": 5,
        "confidence": 0.8201450109481812,
        "visible_cameras": [
            4
        ]
    },
    {
        "encounter": "encounter_74130",
        "Row_number": 803,
        "camera": 5,
        "confidence": 0.7299480438232422,
        "visible_cameras": [
            4
        ]
    },
    {
        "encounter": "encounter_74645",
        "Row_number": 847,
        "camera": 5,
        "confidence": 0.8250327706336975,
        "visible_cameras": []
    },
    {
        "encounter": "encounter_74828",
        "Row_number": 861,
        "camera": 1,
        "confidence": 0.5504594445228577,
        "visible_cameras": [
            5
        ]
    },
    {
        "encounter": "encounter_75288",
        "Row_number": 899,
        "camera": 3,
        "confidence": 0.829867422580719,
        "visible_cameras": [
            2
        ]
    },
    {
        "encounter": "encounter_75630",
        "Row_number": 932,
        "camera": 5,
        "confidence": 0.5593643188476562,
        "visible_cameras": [
            4
        ]
    },
    {
        "encounter": "encounter_76419",
        "Row_number": 988,
        "camera": 5,
        "confidence": 0.898327648639679,
        "visible_cameras": [
            4
        ]
    },
    {
        "encounter": "encounter_76460",
        "Row_number": 994,
        "camera": 4,
        "confidence": 0.8616742491722107,
        "visible_cameras": []
    },
    {
        "encounter": "encounter_77459",
        "Row_number": 1074,
        "camera": 2,
        "confidence": 0.7326741814613342,
        "visible_cameras": []
    },
    {
        "encounter": "encounter_77529",
        "Row_number": 1080,
        "camera": 5,
        "confidence": 0.8883785009384155,
        "visible_cameras": [
            4
        ]
    },
    {
        "encounter": "encounter_77745",
        "Row_number": 1098,
        "camera": 5,
        "confidence": 0.6535956263542175,
        "visible_cameras": [
            4
        ]
    },
    {
        "encounter": "encounter_77972",
        "Row_number": 1120,
        "camera": 3,
        "confidence": 0.8531296253204346,
        "visible_cameras": [
            2
        ]
    },
    {
        "encounter": "encounter_78043",
        "Row_number": 1125,
        "camera": 4,
        "confidence": 0.6430395245552063,
        "visible_cameras": []
    },
    {
        "encounter": "encounter_78579",
        "Row_number": 1168,
        "camera": 5,
        "confidence": 0.8652427196502686,
        "visible_cameras": [
            4
        ]
    },
    {
        "encounter": "encounter_78891",
        "Row_number": 1187,
        "camera": 5,
        "confidence": 0.7970720529556274,
        "visible_cameras": [
            4
        ]
    },
    {
        "encounter": "encounter_79037",
        "Row_number": 1195,
        "camera": 5,
        "confidence": 0.7136083841323853,
        "visible_cameras": [
            4
        ]
    },
    {
        "encounter": "encounter_79275",
        "Row_number": 1215,
        "camera": 5,
        "confidence": 0.8720661997795105,
        "visible_cameras": [
            4
        ]
    },
    {
        "encounter": "encounter_79339",
        "Row_number": 1219,
        "camera": 5,
        "confidence": 0.7299839854240417,
        "visible_cameras": [
            4
        ]
    },
    {
        "encounter": "encounter_80222",
        "Row_number": 1280,
        "camera": 5,
        "confidence": 0.8112953901290894,
        "visible_cameras": [
            4
        ]
    },
    {
        "encounter": "encounter_80257",
        "Row_number": 1286,
        "camera": 3,
        "confidence": 0.5654927492141724,
        "visible_cameras": [
            2
        ]
    },
    {
        "encounter": "encounter_81873",
        "Row_number": 1426,
        "camera": 4,
        "confidence": 0.8007169365882874,
        "visible_cameras": []
    },
    {
        "encounter": "encounter_82315",
        "Row_number": 1454,
        "camera": 2,
        "confidence": 0.9104217886924744,
        "visible_cameras": []
    },
    {
        "encounter": "encounter_82594",
        "Row_number": 1483,
        "camera": 5,
        "confidence": 0.6522094011306763,
        "visible_cameras": [
            4
        ]
    },
    {
        "encounter": "encounter_83036",
        "Row_number": 1522,
        "camera": 1,
        "confidence": 0.9443838000297546,
        "visible_cameras": []
    },
    {
        "encounter": "encounter_84474",
        "Row_number": 1628,
        "camera": 3,
        "confidence": 0.8240888714790344,
        "visible_cameras": [
            2
        ]
    },
    {
        "encounter": "encounter_85243",
        "Row_number": 1684,
        "camera": 1,
        "confidence": 0.8724469542503357,
        "visible_cameras": [
            5
        ]
    },
    {
        "encounter": "encounter_86209",
        "Row_number": 1738,
        "camera": 5,
        "confidence": 0.92581707239151,
        "visible_cameras": [
            4
        ]
    },
    {
        "encounter": "encounter_86383",
        "Row_number": 1755,
        "camera": 2,
        "confidence": 0.730384886264801,
        "visible_cameras": []
    },
    {
        "encounter": "encounter_86995",
        "Row_number": 1795,
        "camera": 4,
        "confidence": 0.8097107410430908,
        "visible_cameras": []
    },
    {
        "encounter": "encounter_87214",
        "Row_number": 1818,
        "camera": 1,
        "confidence": 0.5843390226364136,
        "visible_cameras": [
            4
        ]
    },
    {
        "encounter": "encounter_87372",
        "Row_number": 1837,
        "camera": 5,
        "confidence": 0.9528920650482178,
        "visible_cameras": [
            4
        ]
    },
    {
        "encounter": "encounter_87683",
        "Row_number": 1856,
        "camera": 3,
        "confidence": 0.8013333082199097,
        "visible_cameras": [
            2
        ]
    },
    {
        "encounter": "encounter_87928",
        "Row_number": 1875,
        "camera": 2,
        "confidence": 0.7121821045875549,
        "visible_cameras": [
            3,
            4
        ]
    },
    {
        "encounter": "encounter_88555",
        "Row_number": 1933,
        "camera": 1,
        "confidence": 0.7951958179473877,
        "visible_cameras": [
            5
        ]
    },
    {
        "encounter": "encounter_88566",
        "Row_number": 1935,
        "camera": 1,
        "confidence": 0.5535189509391785,
        "visible_cameras": [
            2
        ]
    },
    {
        "encounter": "encounter_88786",
        "Row_number": 1949,
        "camera": 4,
        "confidence": 0.7135478258132935,
        "visible_cameras": []
    },
    {
        "encounter": "encounter_89966",
        "Row_number": 2046,
        "camera": 1,
        "confidence": 0.779944658279419,
        "visible_cameras": []
    },
    {
        "encounter": "encounter_90096",
        "Row_number": 2055,
        "camera": 5,
        "confidence": 0.8668950796127319,
        "visible_cameras": []
    },
    {
        "encounter": "encounter_90156",
        "Row_number": 2060,
        "camera": 5,
        "confidence": 0.8362253308296204,
        "visible_cameras": [
            4
        ]
    },
    {
        "encounter": "encounter_90220",
        "Row_number": 2066,
        "camera": 3,
        "confidence": 0.8499261736869812,
        "visible_cameras": []
    },
    {
        "encounter": "encounter_91367",
        "Row_number": 2155,
        "camera": 5,
        "confidence": 0.8780439496040344,
        "visible_cameras": []
    },
    {
        "encounter": "encounter_91539",
        "Row_number": 2172,
        "camera": 2,
        "confidence": 0.9223472476005554,
        "visible_cameras": []
    },
    {
        "encounter": "encounter_91829",
        "Row_number": 2187,
        "camera": 5,
        "confidence": 0.7133690118789673,
        "visible_cameras": [
            4
        ]
    },
    {
        "encounter": "encounter_91844",
        "Row_number": 2189,
        "camera": 4,
        "confidence": 0.7966580986976624,
        "visible_cameras": []
    },
    {
        "encounter": "encounter_91988",
        "Row_number": 2201,
        "camera": 2,
        "confidence": 0.6978028416633606,
        "visible_cameras": [
            1
        ]
    },
    {
        "encounter": "encounter_92188",
        "Row_number": 2219,
        "camera": 3,
        "confidence": 0.7837814688682556,
        "visible_cameras": [
            2
        ]
    },
    {
        "encounter": "encounter_92457",
        "Row_number": 2242,
        "camera": 2,
        "confidence": 0.8081638813018799,
        "visible_cameras": []
    },
    {
        "encounter": "encounter_93080",
        "Row_number": 2302,
        "camera": 5,
        "confidence": 0.8618968725204468,
        "visible_cameras": []
    },
    {
        "encounter": "encounter_93410",
        "Row_number": 2321,
        "camera": 5,
        "confidence": 0.9283420443534852,
        "visible_cameras": [
            4
        ]
    },
    {
        "encounter": "encounter_94043",
        "Row_number": 2365,
        "camera": 5,
        "confidence": 0.8814609050750732,
        "visible_cameras": [
            4
        ]
    },
    {
        "encounter": "encounter_94832",
        "Row_number": 2428,
        "camera": 2,
        "confidence": 0.7174414396286011,
        "visible_cameras": [
            3
        ]
    },
    {
        "encounter": "encounter_95145",
        "Row_number": 2454,
        "camera": 5,
        "confidence": 0.6348066329956055,
        "visible_cameras": [
            2
        ]
    }
]