[
    {
        "encounter": "encounter_2761",
        "Row_number": 214,
        "camera": 3,
        "confidence": 0.7846874594688416,
        "visible_cameras": []
    },
    {
        "encounter": "encounter_3045",
        "Row_number": 240,
        "camera": 2,
        "confidence": 0.6613916754722595,
        "visible_cameras": [
            1
        ]
    },
    {
        "encounter": "encounter_3676",
        "Row_number": 288,
        "camera": 1,
        "confidence": 0.8443517088890076,
        "visible_cameras": []
    },
    {
        "encounter": "encounter_4190",
        "Row_number": 320,
        "camera": 2,
        "confidence": 0.7032116055488586,
        "visible_cameras": []
    },
    {
        "encounter": "encounter_4757",
        "Row_number": 365,
        "camera": 3,
        "confidence": 0.8208552002906799,
        "visible_cameras": [
            2
        ]
    },
    {
        "encounter": "encounter_4997",
        "Row_number": 385,
        "camera": 1,
        "confidence": 0.8256427645683289,
        "visible_cameras": []
    },
    {
        "encounter": "encounter_5934",
        "Row_number": 464,
        "camera": 1,
        "confidence": 0.7835559844970703,
        "visible_cameras": []
    },
    {
        "encounter": "encounter_6137",
        "Row_number": 479,
        "camera": 4,
        "confidence": 0.6004135012626648,
        "visible_cameras": []
    },
    {
        "encounter": "encounter_6160",
        "Row_number": 481,
        "camera": 5,
        "confidence": 0.7995419502258301,
        "visible_cameras": [
            4
        ]
    },
    {
        "encounter": "encounter_6639",
        "Row_number": 522,
        "camera": 1,
        "confidence": 0.6894162893295288,
        "visible_cameras": [
            2
        ]
    },
    {
        "encounter": "encounter_6723",
        "Row_number": 530,
        "camera": 2,
        "confidence": 0.6041489839553833,
        "visible_cameras": []
    },
    {
        "encounter": "encounter_7135",
        "Row_number": 567,
        "camera": 3,
        "confidence": 0.702483594417572,
        "visible_cameras": [
            2
        ]
    },
    {
        "encounter": "encounter_8598",
        "Row_number": 667,
        "camera": 3,
        "confidence": 0.8910495638847351,
        "visible_cameras": [
            2
        ]
    },
    {
        "encounter": "encounter_8865",
        "Row_number": 685,
        "camera": 5,
        "confidence": 0.8831333518028259,
        "visible_cameras": [
            4
        ]
    },
    {
        "encounter": "encounter_8895",
        "Row_number": 687,
        "camera": 3,
        "confidence": 0.8008309602737427,
        "visible_cameras": [
            2
        ]
    },
    {
        "encounter": "encounter_8915",
        "Row_number": 688,
        "camera": 2,
        "confidence": 0.5792183876037598,
        "visible_cameras": [
            4
        ]
    },
    {
        "encounter": "encounter_9937",
        "Row_number": 761,
        "camera": 1,
        "confidence": 0.6003128290176392,
        "visible_cameras": [
            5
        ]
    },
    {
        "encounter": "encounter_9950",
        "Row_number": 763,
        "camera": 3,
        "confidence": 0.8300105929374695,
        "visible_cameras": [
            2
        ]
    },
    {
        "encounter": "encounter_10105",
        "Row_number": 776,
        "camera": 5,
        "confidence": 0.8282710909843445,
        "visible_cameras": [
            4
        ]
    },
    {
        "encounter": "encounter_10781",
        "Row_number": 822,
        "camera": 5,
        "confidence": 0.6251257061958313,
        "visible_cameras": []
    },
    {
        "encounter": "encounter_11133",
        "Row_number": 843,
        "camera": 5,
        "confidence": 0.7613804936408997,
        "visible_cameras": [
            4
        ]
    },
    {
        "encounter": "encounter_11841",
        "Row_number": 910,
        "camera": 5,
        "confidence": 0.6249578595161438,
        "visible_cameras": [
            4
        ]
    },
    {
        "encounter": "encounter_13013",
        "Row_number": 1003,
        "camera": 5,
        "confidence": 0.8904554843902588,
        "visible_cameras": [
            4
        ]
    },
    {
        "encounter": "encounter_13186",
        "Row_number": 1018,
        "camera": 3,
        "confidence": 0.9218457341194152,
        "visible_cameras": [
            2
        ]
    },
    {
        "encounter": "encounter_13724",
        "Row_number": 1069,
        "camera": 1,
        "confidence": 0.84389728307724,
        "visible_cameras": []
    },
    {
        "encounter": "encounter_13992",
        "Row_number": 1089,
        "camera": 2,
        "confidence": 0.7560359835624695,
        "visible_cameras": []
    },
    {
        "encounter": "encounter_14794",
        "Row_number": 1147,
        "camera": 3,
        "confidence": 0.6733028888702393,
        "visible_cameras": [
            2
        ]
    },
    {
        "encounter": "encounter_15812",
        "Row_number": 1216,
        "camera": 5,
        "confidence": 0.6859054565429688,
        "visible_cameras": [
            4
        ]
    },
    {
        "encounter": "encounter_15947",
        "Row_number": 1223,
        "camera": 5,
        "confidence": 0.902898907661438,
        "visible_cameras": [
            4
        ]
    },
    {
        "encounter": "encounter_16447",
        "Row_number": 1256,
        "camera": 2,
        "confidence": 0.6059154272079468,
        "visible_cameras": []
    },
    {
        "encounter": "encounter_16679",
        "Row_number": 1272,
        "camera": 3,
        "confidence": 0.8050865530967712,
        "visible_cameras": [
            2
        ]
    },
    {
        "encounter": "encounter_16754",
        "Row_number": 1280,
        "camera": 2,
        "confidence": 0.7070504426956177,
        "visible_cameras": []
    },
    {
        "encounter": "encounter_17021",
        "Row_number": 1300,
        "camera": 3,
        "confidence": 0.6376979947090149,
        "visible_cameras": [
            2
        ]
    },
    {
        "encounter": "encounter_17288",
        "Row_number": 1318,
        "camera": 5,
        "confidence": 0.8651577234268188,
        "visible_cameras": []
    },
    {
        "encounter": "encounter_17397",
        "Row_number": 1328,
        "camera": 5,
        "confidence": 0.7931984066963196,
        "visible_cameras": [
            4
        ]
    },
    {
        "encounter": "encounter_17447",
        "Row_number": 1333,
        "camera": 1,
        "confidence": 0.6999963521957397,
        "visible_cameras": [
            5
        ]
    },
    {
        "encounter": "encounter_17651",
        "Row_number": 1350,
        "camera": 2,
        "confidence": 0.6137808561325073,
        "visible_cameras": []
    },
    {
        "encounter": "encounter_18045",
        "Row_number": 1386,
        "camera": 1,
        "confidence": 0.6658738851547241,
        "visible_cameras": [
            5
        ]
    },
    {
        "encounter": "encounter_19421",
        "Row_number": 1499,
        "camera": 3,
        "confidence": 0.7433345317840576,
        "visible_cameras": [
            2
        ]
    },
    {
        "encounter": "encounter_19645",
        "Row_number": 1512,
        "camera": 1,
        "confidence": 0.8962957262992859,
        "visible_cameras": [
            5
        ]
    },
    {
        "encounter": "encounter_19885",
        "Row_number": 1538,
        "camera": 3,
        "confidence": 0.6924237012863159,
        "visible_cameras": [
            2
        ]
    },
    {
        "encounter": "encounter_20000",
        "Row_number": 1543,
        "camera": 3,
        "confidence": 0.6854382753372192,
        "visible_cameras": [
            2
        ]
    },
    {
        "encounter": "encounter_20064",
        "Row_number": 1551,
        "camera": 4,
        "confidence": 0.6860320568084717,
        "visible_cameras": []
    },
    {
        "encounter": "encounter_20095",
        "Row_number": 1555,
        "camera": 2,
        "confidence": 0.5803847908973694,
        "visible_cameras": []
    },
    {
        "encounter": "encounter_20342",
        "Row_number": 1581,
        "camera": 2,
        "confidence": 0.8210970759391785,
        "visible_cameras": []
    },
    {
        "encounter": "encounter_20435",
        "Row_number": 1587,
        "camera": 2,
        "confidence": 0.7248797416687012,
        "visible_cameras": [
            1
        ]
    },
    {
        "encounter": "encounter_20799",
        "Row_number": 1606,
        "camera": 4,
        "confidence": 0.7215585708618164,
        "visible_cameras": []
    },
    {
        "encounter": "encounter_20962",
        "Row_number": 1616,
        "camera": 5,
        "confidence": 0.8815173506736755,
        "visible_cameras": [
            4
        ]
    },
    {
        "encounter": "encounter_21495",
        "Row_number": 1666,
        "camera": 3,
        "confidence": 0.6781585812568665,
        "visible_cameras": [
            2
        ]
    },
    {
        "encounter": "encounter_22382",
        "Row_number": 1733,
        "camera": 5,
        "confidence": 0.7545436024665833,
        "visible_cameras": [
            4
        ]
    },
    {
        "encounter": "encounter_22722",
        "Row_number": 1760,
        "camera": 2,
        "confidence": 0.6082879900932312,
        "visible_cameras": [
            3
        ]
    },
    {
        "encounter": "encounter_22819",
        "Row_number": 1769,
        "camera": 3,
        "confidence": 0.5880708694458008,
        "visible_cameras": []
    },
    {
        "encounter": "encounter_24626",
        "Row_number": 1883,
        "camera": 2,
        "confidence": 0.9198329448699952,
        "visible_cameras": [
            1
        ]
    },
    {
        "encounter": "encounter_25945",
        "Row_number": 1981,
        "camera": 3,
        "confidence": 0.5804603099822998,
        "visible_cameras": []
    },
    {
        "encounter": "encounter_27538",
        "Row_number": 2100,
        "camera": 5,
        "confidence": 0.713036060333252,
        "visible_cameras": [
            4
        ]
    },
    {
        "encounter": "encounter_27585",
        "Row_number": 2105,
        "camera": 3,
        "confidence": 0.7872303128242493,
        "visible_cameras": [
            2
        ]
    },
    {
        "encounter": "encounter_27688",
        "Row_number": 2115,
        "camera": 2,
        "confidence": 0.5946779251098633,
        "visible_cameras": [
            5
        ]
    },
    {
        "encounter": "encounter_28009",
        "Row_number": 2141,
        "camera": 3,
        "confidence": 0.6095073819160461,
        "visible_cameras": []
    },
    {
        "encounter": "encounter_28580",
        "Row_number": 2197,
        "camera": 1,
        "confidence": 0.7742600440979004,
        "visible_cameras": [
            5
        ]
    },
    {
        "encounter": "encounter_28681",
        "Row_number": 2206,
        "camera": 1,
        "confidence": 0.6173666715621948,
        "visible_cameras": [
            5
        ]
    },
    {
        "encounter": "encounter_28835",
        "Row_number": 2219,
        "camera": 5,
        "confidence": 0.686244010925293,
        "visible_cameras": [
            4
        ]
    },
    {
        "encounter": "encounter_29032",
        "Row_number": 2239,
        "camera": 5,
        "confidence": 0.8728148937225342,
        "visible_cameras": [
            4
        ]
    },
    {
        "encounter": "encounter_30459",
        "Row_number": 2356,
        "camera": 3,
        "confidence": 0.8306466937065125,
        "visible_cameras": [
            2
        ]
    },
    {
        "encounter": "encounter_31016",
        "Row_number": 2406,
        "camera": 3,
        "confidence": 0.8730316162109375,
        "visible_cameras": [
            2
        ]
    },
    {
        "encounter": "encounter_31064",
        "Row_number": 2412,
        "camera": 3,
        "confidence": 0.6082820892333984,
        "visible_cameras": [
            2
        ]
    },
    {
        "encounter": "encounter_31117",
        "Row_number": 2417,
        "camera": 4,
        "confidence": 0.8534376621246338,
        "visible_cameras": []
    },
    {
        "encounter": "encounter_31273",
        "Row_number": 2431,
        "camera": 5,
        "confidence": 0.7541749477386475,
        "visible_cameras": [
            4
        ]
    },
    {
        "encounter": "encounter_31553",
        "Row_number": 2452,
        "camera": 2,
        "confidence": 0.762814462184906,
        "visible_cameras": [
            4
        ]
    },
    {
        "encounter": "encounter_31653",
        "Row_number": 2459,
        "camera": 2,
        "confidence": 0.6856005191802979,
        "visible_cameras": []
    },
    {
        "encounter": "encounter_31754",
        "Row_number": 2467,
        "camera": 3,
        "confidence": 0.7484095692634583,
        "visible_cameras": [
            2
        ]
    },
    {
        "encounter": "encounter_31877",
        "Row_number": 2474,
        "camera": 5,
        "confidence": 0.8842756748199463,
        "visible_cameras": [
            4
        ]
    }
]