[
    {
        "encounter": "encounter_2040",
        "Row_number": 158,
        "camera": 2,
        "confidence": 0.7249638438224792,
        "visible_cameras": [
            4
        ]
    },
    {
        "encounter": "encounter_2529",
        "Row_number": 190,
        "camera": 5,
        "confidence": 0.8028956651687622,
        "visible_cameras": [
            1
        ]
    },
    {
        "encounter": "encounter_2761",
        "Row_number": 214,
        "camera": 3,
        "confidence": 0.730215847492218,
        "visible_cameras": []
    },
    {
        "encounter": "encounter_3045",
        "Row_number": 240,
        "camera": 2,
        "confidence": 0.8000691533088684,
        "visible_cameras": [
            1
        ]
    },
    {
        "encounter": "encounter_3255",
        "Row_number": 261,
        "camera": 5,
        "confidence": 0.6565810441970825,
        "visible_cameras": [
            4
        ]
    },
    {
        "encounter": "encounter_4190",
        "Row_number": 320,
        "camera": 2,
        "confidence": 0.8397315144538879,
        "visible_cameras": []
    },
    {
        "encounter": "encounter_4757",
        "Row_number": 365,
        "camera": 3,
        "confidence": 0.7964224219322205,
        "visible_cameras": [
            2
        ]
    },
    {
        "encounter": "encounter_4997",
        "Row_number": 385,
        "camera": 1,
        "confidence": 0.8561148643493652,
        "visible_cameras": []
    },
    {
        "encounter": "encounter_5303",
        "Row_number": 416,
        "camera": 5,
        "confidence": 0.5904427766799927,
        "visible_cameras": []
    },
    {
        "encounter": "encounter_5934",
        "Row_number": 464,
        "camera": 1,
        "confidence": 0.8710352778434753,
        "visible_cameras": []
    },
    {
        "encounter": "encounter_6160",
        "Row_number": 481,
        "camera": 5,
        "confidence": 0.8764817714691162,
        "visible_cameras": [
            4
        ]
    },
    {
        "encounter": "encounter_6639",
        "Row_number": 522,
        "camera": 1,
        "confidence": 0.5600773692131042,
        "visible_cameras": [
            2
        ]
    },
    {
        "encounter": "encounter_7298",
        "Row_number": 583,
        "camera": 5,
        "confidence": 0.662136435508728,
        "visible_cameras": [
            4
        ]
    },
    {
        "encounter": "encounter_8865",
        "Row_number": 685,
        "camera": 5,
        "confidence": 0.8917337656021118,
        "visible_cameras": [
            4
        ]
    },
    {
        "encounter": "encounter_8895",
        "Row_number": 687,
        "camera": 3,
        "confidence": 0.8688805103302002,
        "visible_cameras": [
            2
        ]
    },
    {
        "encounter": "encounter_9375",
        "Row_number": 724,
        "camera": 5,
        "confidence": 0.6227907538414001,
        "visible_cameras": [
            4
        ]
    },
    {
        "encounter": "encounter_9937",
        "Row_number": 761,
        "camera": 1,
        "confidence": 0.8424263000488281,
        "visible_cameras": [
            5
        ]
    },
    {
        "encounter": "encounter_9950",
        "Row_number": 763,
        "camera": 3,
        "confidence": 0.8713603019714355,
        "visible_cameras": [
            2
        ]
    },
    {
        "encounter": "encounter_10105",
        "Row_number": 776,
        "camera": 5,
        "confidence": 0.8678328990936279,
        "visible_cameras": [
            4
        ]
    },
    {
        "encounter": "encounter_10745",
        "Row_number": 820,
        "camera": 5,
        "confidence": 0.6996701955795288,
        "visible_cameras": []
    },
    {
        "encounter": "encounter_10920",
        "Row_number": 834,
        "camera": 5,
        "confidence": 0.7909402847290039,
        "visible_cameras": [
            4
        ]
    },
    {
        "encounter": "encounter_11133",
        "Row_number": 843,
        "camera": 5,
        "confidence": 0.8321340084075928,
        "visible_cameras": [
            4
        ]
    },
    {
        "encounter": "encounter_11256",
        "Row_number": 855,
        "camera": 5,
        "confidence": 0.6038843989372253,
        "visible_cameras": [
            4
        ]
    },
    {
        "encounter": "encounter_11516",
        "Row_number": 884,
        "camera": 5,
        "confidence": 0.6061272025108337,
        "visible_cameras": []
    },
    {
        "encounter": "encounter_11841",
        "Row_number": 910,
        "camera": 5,
        "confidence": 0.6683712005615234,
        "visible_cameras": [
            4
        ]
    },
    {
        "encounter": "encounter_12598",
        "Row_number": 971,
        "camera": 5,
        "confidence": 0.7022762894630432,
        "visible_cameras": [
            4
        ]
    },
    {
        "encounter": "encounter_13013",
        "Row_number": 1003,
        "camera": 5,
        "confidence": 0.8597740530967712,
        "visible_cameras": [
            4
        ]
    },
    {
        "encounter": "encounter_13186",
        "Row_number": 1018,
        "camera": 3,
        "confidence": 0.9211786389350892,
        "visible_cameras": [
            2
        ]
    },
    {
        "encounter": "encounter_13724",
        "Row_number": 1069,
        "camera": 1,
        "confidence": 0.8890568614006042,
        "visible_cameras": []
    },
    {
        "encounter": "encounter_14794",
        "Row_number": 1147,
        "camera": 3,
        "confidence": 0.7964400053024292,
        "visible_cameras": [
            2
        ]
    },
    {
        "encounter": "encounter_14987",
        "Row_number": 1159,
        "camera": 4,
        "confidence": 0.6422773599624634,
        "visible_cameras": [
            3
        ]
    },
    {
        "encounter": "encounter_15947",
        "Row_number": 1223,
        "camera": 5,
        "confidence": 0.928312122821808,
        "visible_cameras": [
            4
        ]
    },
    {
        "encounter": "encounter_16447",
        "Row_number": 1256,
        "camera": 2,
        "confidence": 0.7814300060272217,
        "visible_cameras": []
    },
    {
        "encounter": "encounter_16766",
        "Row_number": 1282,
        "camera": 2,
        "confidence": 0.7714627385139465,
        "visible_cameras": []
    },
    {
        "encounter": "encounter_16790",
        "Row_number": 1285,
        "camera": 3,
        "confidence": 0.8559787273406982,
        "visible_cameras": []
    },
    {
        "encounter": "encounter_17288",
        "Row_number": 1318,
        "camera": 5,
        "confidence": 0.87934410572052,
        "visible_cameras": []
    },
    {
        "encounter": "encounter_17380",
        "Row_number": 1325,
        "camera": 4,
        "confidence": 0.8404579162597656,
        "visible_cameras": []
    },
    {
        "encounter": "encounter_17397",
        "Row_number": 1328,
        "camera": 5,
        "confidence": 0.8477193713188171,
        "visible_cameras": [
            4
        ]
    },
    {
        "encounter": "encounter_17447",
        "Row_number": 1333,
        "camera": 1,
        "confidence": 0.9032198190689088,
        "visible_cameras": [
            5
        ]
    },
    {
        "encounter": "encounter_19421",
        "Row_number": 1499,
        "camera": 3,
        "confidence": 0.8148635625839233,
        "visible_cameras": [
            2
        ]
    },
    {
        "encounter": "encounter_19885",
        "Row_number": 1538,
        "camera": 3,
        "confidence": 0.7039849162101746,
        "visible_cameras": [
            2
        ]
    },
    {
        "encounter": "encounter_20000",
        "Row_number": 1543,
        "camera": 3,
        "confidence": 0.7831234931945801,
        "visible_cameras": [
            2
        ]
    },
    {
        "encounter": "encounter_20064",
        "Row_number": 1551,
        "camera": 4,
        "confidence": 0.8016636371612549,
        "visible_cameras": []
    },
    {
        "encounter": "encounter_20342",
        "Row_number": 1581,
        "camera": 2,
        "confidence": 0.8499473333358765,
        "visible_cameras": []
    },
    {
        "encounter": "encounter_20347",
        "Row_number": 1583,
        "camera": 5,
        "confidence": 0.5707295536994934,
        "visible_cameras": [
            4
        ]
    },
    {
        "encounter": "encounter_20435",
        "Row_number": 1587,
        "camera": 2,
        "confidence": 0.7157564759254456,
        "visible_cameras": [
            1
        ]
    },
    {
        "encounter": "encounter_20962",
        "Row_number": 1616,
        "camera": 5,
        "confidence": 0.8940256834030151,
        "visible_cameras": [
            4
        ]
    },
    {
        "encounter": "encounter_21177",
        "Row_number": 1632,
        "camera": 4,
        "confidence": 0.6547873616218567,
        "visible_cameras": [
            2,
            3
        ]
    },
    {
        "encounter": "encounter_21319",
        "Row_number": 1651,
        "camera": 2,
        "confidence": 0.5589522123336792,
        "visible_cameras": []
    },
    {
        "encounter": "encounter_21390",
        "Row_number": 1655,
        "camera": 4,
        "confidence": 0.7718240022659302,
        "visible_cameras": []
    },
    {
        "encounter": "encounter_21452",
        "Row_number": 1661,
        "camera": 3,
        "confidence": 0.7446001172065735,
        "visible_cameras": []
    },
    {
        "encounter": "encounter_22382",
        "Row_number": 1733,
        "camera": 5,
        "confidence": 0.8205060958862305,
        "visible_cameras": [
            4
        ]
    },
    {
        "encounter": "encounter_24626",
        "Row_number": 1883,
        "camera": 2,
        "confidence": 0.9239079356193542,
        "visible_cameras": [
            1
        ]
    },
    {
        "encounter": "encounter_26095",
        "Row_number": 1991,
        "camera": 1,
        "confidence": 0.583340585231781,
        "visible_cameras": [
            4
        ]
    },
    {
        "encounter": "encounter_26352",
        "Row_number": 2007,
        "camera": 4,
        "confidence": 0.6910809278488159,
        "visible_cameras": []
    },
    {
        "encounter": "encounter_26460",
        "Row_number": 2019,
        "camera": 4,
        "confidence": 0.6960483193397522,
        "visible_cameras": []
    },
    {
        "encounter": "encounter_27391",
        "Row_number": 2089,
        "camera": 1,
        "confidence": 0.6903702020645142,
        "visible_cameras": []
    },
    {
        "encounter": "encounter_27538",
        "Row_number": 2100,
        "camera": 5,
        "confidence": 0.847014307975769,
        "visible_cameras": [
            4
        ]
    },
    {
        "encounter": "encounter_27585",
        "Row_number": 2105,
        "camera": 3,
        "confidence": 0.8649100065231323,
        "visible_cameras": [
            2
        ]
    },
    {
        "encounter": "encounter_28580",
        "Row_number": 2197,
        "camera": 1,
        "confidence": 0.8348525762557983,
        "visible_cameras": [
            5
        ]
    },
    {
        "encounter": "encounter_28835",
        "Row_number": 2219,
        "camera": 5,
        "confidence": 0.7660201191902161,
        "visible_cameras": [
            4
        ]
    },
    {
        "encounter": "encounter_29032",
        "Row_number": 2239,
        "camera": 5,
        "confidence": 0.873652458190918,
        "visible_cameras": [
            4
        ]
    },
    {
        "encounter": "encounter_30459",
        "Row_number": 2356,
        "camera": 3,
        "confidence": 0.8434387445449829,
        "visible_cameras": [
            2
        ]
    },
    {
        "encounter": "encounter_31016",
        "Row_number": 2406,
        "camera": 3,
        "confidence": 0.868374764919281,
        "visible_cameras": [
            2
        ]
    },
    {
        "encounter": "encounter_31064",
        "Row_number": 2412,
        "camera": 3,
        "confidence": 0.5937162637710571,
        "visible_cameras": [
            2
        ]
    },
    {
        "encounter": "encounter_31117",
        "Row_number": 2417,
        "camera": 4,
        "confidence": 0.8691203594207764,
        "visible_cameras": []
    },
    {
        "encounter": "encounter_31210",
        "Row_number": 2423,
        "camera": 1,
        "confidence": 0.6322238445281982,
        "visible_cameras": [
            5
        ]
    },
    {
        "encounter": "encounter_31877",
        "Row_number": 2474,
        "camera": 5,
        "confidence": 0.7964684367179871,
        "visible_cameras": [
            4
        ]
    }
]