[
    {
        "encounter": "encounter_64336",
        "Row_number": 19,
        "camera": 3,
        "confidence": 0.8029001951217651,
        "visible_cameras": [
            2
        ]
    },
    {
        "encounter": "encounter_65728",
        "Row_number": 142,
        "camera": 5,
        "confidence": 0.6688510775566101,
        "visible_cameras": [
            4
        ]
    },
    {
        "encounter": "encounter_66827",
        "Row_number": 236,
        "camera": 4,
        "confidence": 0.8603550791740417,
        "visible_cameras": []
    },
    {
        "encounter": "encounter_67580",
        "Row_number": 296,
        "camera": 2,
        "confidence": 0.8709165453910828,
        "visible_cameras": [
            1
        ]
    },
    {
        "encounter": "encounter_68238",
        "Row_number": 348,
        "camera": 3,
        "confidence": 0.8414301872253418,
        "visible_cameras": [
            2
        ]
    },
    {
        "encounter": "encounter_68279",
        "Row_number": 351,
        "camera": 2,
        "confidence": 0.6619958281517029,
        "visible_cameras": []
    },
    {
        "encounter": "encounter_69363",
        "Row_number": 435,
        "camera": 1,
        "confidence": 0.8719956874847412,
        "visible_cameras": [
            5
        ]
    },
    {
        "encounter": "encounter_70038",
        "Row_number": 494,
        "camera": 5,
        "confidence": 0.8720000982284546,
        "visible_cameras": []
    },
    {
        "encounter": "encounter_70223",
        "Row_number": 510,
        "camera": 1,
        "confidence": 0.8632996082305908,
        "visible_cameras": [
            5
        ]
    },
    {
        "encounter": "encounter_70617",
        "Row_number": 542,
        "camera": 3,
        "confidence": 0.778166651725769,
        "visible_cameras": [
            2
        ]
    },
    {
        "encounter": "encounter_71042",
        "Row_number": 567,
        "camera": 3,
        "confidence": 0.9225653409957886,
        "visible_cameras": [
            2
        ]
    },
    {
        "encounter": "encounter_71827",
        "Row_number": 632,
        "camera": 2,
        "confidence": 0.7570205330848694,
        "visible_cameras": [
            1
        ]
    },
    {
        "encounter": "encounter_71833",
        "Row_number": 634,
        "camera": 5,
        "confidence": 0.9268781542778016,
        "visible_cameras": [
            4
        ]
    },
    {
        "encounter": "encounter_72509",
        "Row_number": 681,
        "camera": 2,
        "confidence": 0.576316773891449,
        "visible_cameras": [
            1
        ]
    },
    {
        "encounter": "encounter_73488",
        "Row_number": 747,
        "camera": 3,
        "confidence": 0.8470480442047119,
        "visible_cameras": [
            2
        ]
    },
    {
        "encounter": "encounter_73776",
        "Row_number": 771,
        "camera": 5,
        "confidence": 0.8179858922958374,
        "visible_cameras": [
            4
        ]
    },
    {
        "encounter": "encounter_74130",
        "Row_number": 803,
        "camera": 5,
        "confidence": 0.9249625205993652,
        "visible_cameras": [
            4
        ]
    },
    {
        "encounter": "encounter_74645",
        "Row_number": 847,
        "camera": 5,
        "confidence": 0.7519593834877014,
        "visible_cameras": []
    },
    {
        "encounter": "encounter_74728",
        "Row_number": 853,
        "camera": 5,
        "confidence": 0.7710330486297607,
        "visible_cameras": [
            4
        ]
    },
    {
        "encounter": "encounter_75163",
        "Row_number": 886,
        "camera": 1,
        "confidence": 0.8108795285224915,
        "visible_cameras": [
            5
        ]
    },
    {
        "encounter": "encounter_75288",
        "Row_number": 899,
        "camera": 3,
        "confidence": 0.619368314743042,
        "visible_cameras": [
            2
        ]
    },
    {
        "encounter": "encounter_75538",
        "Row_number": 925,
        "camera": 5,
        "confidence": 0.7150483131408691,
        "visible_cameras": []
    },
    {
        "encounter": "encounter_76419",
        "Row_number": 988,
        "camera": 5,
        "confidence": 0.8556939959526062,
        "visible_cameras": [
            4
        ]
    },
    {
        "encounter": "encounter_77529",
        "Row_number": 1080,
        "camera": 5,
        "confidence": 0.7609909772872925,
        "visible_cameras": [
            4
        ]
    },
    {
        "encounter": "encounter_77745",
        "Row_number": 1098,
        "camera": 5,
        "confidence": 0.5580301880836487,
        "visible_cameras": [
            4
        ]
    },
    {
        "encounter": "encounter_77972",
        "Row_number": 1120,
        "camera": 3,
        "confidence": 0.8331105709075928,
        "visible_cameras": [
            2
        ]
    },
    {
        "encounter": "encounter_78261",
        "Row_number": 1136,
        "camera": 1,
        "confidence": 0.5706855654716492,
        "visible_cameras": [
            2
        ]
    },
    {
        "encounter": "encounter_79037",
        "Row_number": 1195,
        "camera": 5,
        "confidence": 0.8113124370574951,
        "visible_cameras": [
            4
        ]
    },
    {
        "encounter": "encounter_79275",
        "Row_number": 1215,
        "camera": 5,
        "confidence": 0.8881155252456665,
        "visible_cameras": [
            4
        ]
    },
    {
        "encounter": "encounter_79776",
        "Row_number": 1254,
        "camera": 3,
        "confidence": 0.8707660436630249,
        "visible_cameras": [
            2
        ]
    },
    {
        "encounter": "encounter_80780",
        "Row_number": 1325,
        "camera": 2,
        "confidence": 0.6722530722618103,
        "visible_cameras": []
    },
    {
        "encounter": "encounter_82315",
        "Row_number": 1454,
        "camera": 2,
        "confidence": 0.7819511294364929,
        "visible_cameras": []
    },
    {
        "encounter": "encounter_83036",
        "Row_number": 1522,
        "camera": 1,
        "confidence": 0.9365400671958924,
        "visible_cameras": []
    },
    {
        "encounter": "encounter_83912",
        "Row_number": 1586,
        "camera": 3,
        "confidence": 0.8253399133682251,
        "visible_cameras": [
            2
        ]
    },
    {
        "encounter": "encounter_84271",
        "Row_number": 1611,
        "camera": 5,
        "confidence": 0.7423885464668274,
        "visible_cameras": [
            4
        ]
    },
    {
        "encounter": "encounter_84474",
        "Row_number": 1628,
        "camera": 3,
        "confidence": 0.7234014272689819,
        "visible_cameras": [
            2
        ]
    },
    {
        "encounter": "encounter_85243",
        "Row_number": 1684,
        "camera": 1,
        "confidence": 0.8695560693740845,
        "visible_cameras": [
            5
        ]
    },
    {
        "encounter": "encounter_86012",
        "Row_number": 1725,
        "camera": 2,
        "confidence": 0.5756282806396484,
        "visible_cameras": []
    },
    {
        "encounter": "encounter_86209",
        "Row_number": 1738,
        "camera": 5,
        "confidence": 0.911596655845642,
        "visible_cameras": [
            4
        ]
    },
    {
        "encounter": "encounter_87372",
        "Row_number": 1837,
        "camera": 5,
        "confidence": 0.9578499794006348,
        "visible_cameras": [
            4
        ]
    },
    {
        "encounter": "encounter_87683",
        "Row_number": 1856,
        "camera": 3,
        "confidence": 0.8738254308700562,
        "visible_cameras": [
            2
        ]
    },
    {
        "encounter": "encounter_88555",
        "Row_number": 1933,
        "camera": 1,
        "confidence": 0.6876572370529175,
        "visible_cameras": [
            5
        ]
    },
    {
        "encounter": "encounter_90156",
        "Row_number": 2060,
        "camera": 5,
        "confidence": 0.8791751861572266,
        "visible_cameras": [
            4
        ]
    },
    {
        "encounter": "encounter_91367",
        "Row_number": 2155,
        "camera": 5,
        "confidence": 0.8634724617004395,
        "visible_cameras": []
    },
    {
        "encounter": "encounter_91539",
        "Row_number": 2172,
        "camera": 2,
        "confidence": 0.9080909490585328,
        "visible_cameras": []
    },
    {
        "encounter": "encounter_91865",
        "Row_number": 2192,
        "camera": 5,
        "confidence": 0.5776007771492004,
        "visible_cameras": [
            4
        ]
    },
    {
        "encounter": "encounter_92052",
        "Row_number": 2211,
        "camera": 5,
        "confidence": 0.7059838175773621,
        "visible_cameras": []
    },
    {
        "encounter": "encounter_92208",
        "Row_number": 2220,
        "camera": 3,
        "confidence": 0.6144355535507202,
        "visible_cameras": [
            2
        ]
    },
    {
        "encounter": "encounter_92549",
        "Row_number": 2248,
        "camera": 5,
        "confidence": 0.7090814709663391,
        "visible_cameras": []
    },
    {
        "encounter": "encounter_93410",
        "Row_number": 2321,
        "camera": 5,
        "confidence": 0.8359408378601074,
        "visible_cameras": [
            4
        ]
    },
    {
        "encounter": "encounter_94043",
        "Row_number": 2365,
        "camera": 5,
        "confidence": 0.814131498336792,
        "visible_cameras": [
            4
        ]
    },
    {
        "encounter": "encounter_95667",
        "Row_number": 2497,
        "camera": 2,
        "confidence": 0.7169296145439148,
        "visible_cameras": [
            4
        ]
    }
]