[
    {
        "encounter": "encounter_32609",
        "Row_number": 34,
        "camera": 5,
        "confidence": 0.9330207705497742,
        "visible_cameras": [
            4
        ]
    },
    {
        "encounter": "encounter_33155",
        "Row_number": 86,
        "camera": 5,
        "confidence": 0.8625401258468628,
        "visible_cameras": [
            4
        ]
    },
    {
        "encounter": "encounter_33692",
        "Row_number": 132,
        "camera": 3,
        "confidence": 0.816838264465332,
        "visible_cameras": []
    },
    {
        "encounter": "encounter_33942",
        "Row_number": 144,
        "camera": 5,
        "confidence": 0.812195897102356,
        "visible_cameras": [
            4
        ]
    },
    {
        "encounter": "encounter_34375",
        "Row_number": 173,
        "camera": 5,
        "confidence": 0.7962788343429565,
        "visible_cameras": [
            4
        ]
    },
    {
        "encounter": "encounter_34686",
        "Row_number": 198,
        "camera": 5,
        "confidence": 0.7199121713638306,
        "visible_cameras": [
            4
        ]
    },
    {
        "encounter": "encounter_34841",
        "Row_number": 210,
        "camera": 5,
        "confidence": 0.7400395274162292,
        "visible_cameras": [
            4
        ]
    },
    {
        "encounter": "encounter_35090",
        "Row_number": 231,
        "camera": 2,
        "confidence": 0.6418337821960449,
        "visible_cameras": []
    },
    {
        "encounter": "encounter_36580",
        "Row_number": 351,
        "camera": 5,
        "confidence": 0.5821549296379089,
        "visible_cameras": [
            4
        ]
    },
    {
        "encounter": "encounter_37414",
        "Row_number": 413,
        "camera": 2,
        "confidence": 0.5827637314796448,
        "visible_cameras": []
    },
    {
        "encounter": "encounter_40204",
        "Row_number": 640,
        "camera": 4,
        "confidence": 0.8084606528282166,
        "visible_cameras": []
    },
    {
        "encounter": "encounter_40629",
        "Row_number": 673,
        "camera": 3,
        "confidence": 0.7520081400871277,
        "visible_cameras": [
            2
        ]
    },
    {
        "encounter": "encounter_41776",
        "Row_number": 766,
        "camera": 3,
        "confidence": 0.7337490916252136,
        "visible_cameras": [
            2
        ]
    },
    {
        "encounter": "encounter_42273",
        "Row_number": 808,
        "camera": 5,
        "confidence": 0.8453347086906433,
        "visible_cameras": []
    },
    {
        "encounter": "encounter_43893",
        "Row_number": 956,
        "camera": 5,
        "confidence": 0.6879064440727234,
        "visible_cameras": [
            4
        ]
    },
    {
        "encounter": "encounter_44887",
        "Row_number": 1025,
        "camera": 1,
        "confidence": 0.8405600786209106,
        "visible_cameras": [
            5
        ]
    },
    {
        "encounter": "encounter_46731",
        "Row_number": 1169,
        "camera": 3,
        "confidence": 0.9121559858322144,
        "visible_cameras": [
            2
        ]
    },
    {
        "encounter": "encounter_47059",
        "Row_number": 1195,
        "camera": 3,
        "confidence": 0.9161163568496704,
        "visible_cameras": [
            2
        ]
    },
    {
        "encounter": "encounter_47805",
        "Row_number": 1251,
        "camera": 4,
        "confidence": 0.7000889182090759,
        "visible_cameras": [
            5
        ]
    },
    {
        "encounter": "encounter_47903",
        "Row_number": 1261,
        "camera": 3,
        "confidence": 0.8715724945068359,
        "visible_cameras": []
    },
    {
        "encounter": "encounter_48600",
        "Row_number": 1328,
        "camera": 2,
        "confidence": 0.6924707889556885,
        "visible_cameras": [
            4
        ]
    },
    {
        "encounter": "encounter_48875",
        "Row_number": 1347,
        "camera": 1,
        "confidence": 0.5897742509841919,
        "visible_cameras": []
    },
    {
        "encounter": "encounter_49255",
        "Row_number": 1373,
        "camera": 5,
        "confidence": 0.6336579918861389,
        "visible_cameras": [
            4
        ]
    },
    {
        "encounter": "encounter_51112",
        "Row_number": 1510,
        "camera": 5,
        "confidence": 0.860259473323822,
        "visible_cameras": [
            4
        ]
    },
    {
        "encounter": "encounter_51517",
        "Row_number": 1530,
        "camera": 5,
        "confidence": 0.8000033497810364,
        "visible_cameras": [
            4
        ]
    },
    {
        "encounter": "encounter_51527",
        "Row_number": 1532,
        "camera": 3,
        "confidence": 0.8644317388534546,
        "visible_cameras": [
            2
        ]
    },
    {
        "encounter": "encounter_51909",
        "Row_number": 1558,
        "camera": 5,
        "confidence": 0.9392375946044922,
        "visible_cameras": [
            4
        ]
    },
    {
        "encounter": "encounter_51928",
        "Row_number": 1561,
        "camera": 3,
        "confidence": 0.726867139339447,
        "visible_cameras": [
            2
        ]
    },
    {
        "encounter": "encounter_52051",
        "Row_number": 1573,
        "camera": 2,
        "confidence": 0.8893277645111084,
        "visible_cameras": []
    },
    {
        "encounter": "encounter_52165",
        "Row_number": 1582,
        "camera": 5,
        "confidence": 0.7568298578262329,
        "visible_cameras": []
    },
    {
        "encounter": "encounter_52449",
        "Row_number": 1602,
        "camera": 5,
        "confidence": 0.8863883018493652,
        "visible_cameras": [
            4
        ]
    },
    {
        "encounter": "encounter_53410",
        "Row_number": 1679,
        "camera": 5,
        "confidence": 0.8937579989433289,
        "visible_cameras": [
            4
        ]
    },
    {
        "encounter": "encounter_54041",
        "Row_number": 1731,
        "camera": 3,
        "confidence": 0.8248357772827148,
        "visible_cameras": [
            2
        ]
    },
    {
        "encounter": "encounter_54751",
        "Row_number": 1785,
        "camera": 5,
        "confidence": 0.7011980414390564,
        "visible_cameras": [
            4
        ]
    },
    {
        "encounter": "encounter_55181",
        "Row_number": 1811,
        "camera": 4,
        "confidence": 0.8077641129493713,
        "visible_cameras": []
    },
    {
        "encounter": "encounter_57621",
        "Row_number": 1990,
        "camera": 3,
        "confidence": 0.8543228507041931,
        "visible_cameras": [
            2
        ]
    },
    {
        "encounter": "encounter_57625",
        "Row_number": 1992,
        "camera": 4,
        "confidence": 0.928480863571167,
        "visible_cameras": []
    },
    {
        "encounter": "encounter_60406",
        "Row_number": 2204,
        "camera": 5,
        "confidence": 0.7640639543533325,
        "visible_cameras": []
    },
    {
        "encounter": "encounter_60701",
        "Row_number": 2232,
        "camera": 1,
        "confidence": 0.9205914735794068,
        "visible_cameras": [
            5
        ]
    },
    {
        "encounter": "encounter_62532",
        "Row_number": 2373,
        "camera": 2,
        "confidence": 0.6747302412986755,
        "visible_cameras": []
    },
    {
        "encounter": "encounter_62581",
        "Row_number": 2380,
        "camera": 5,
        "confidence": 0.8325755000114441,
        "visible_cameras": []
    },
    {
        "encounter": "encounter_63325",
        "Row_number": 2435,
        "camera": 2,
        "confidence": 0.6389976739883423,
        "visible_cameras": [
            3
        ]
    },
    {
        "encounter": "encounter_63476",
        "Row_number": 2445,
        "camera": 3,
        "confidence": 0.613013744354248,
        "visible_cameras": []
    }
]