[
    {
        "encounter": "encounter_64336",
        "Row_number": 19,
        "camera": 3,
        "confidence": 0.8643155694007874,
        "visible_cameras": [
            2
        ]
    },
    {
        "encounter": "encounter_64445",
        "Row_number": 27,
        "camera": 4,
        "confidence": 0.6963682770729065,
        "visible_cameras": [
            2
        ]
    },
    {
        "encounter": "encounter_65627",
        "Row_number": 128,
        "camera": 2,
        "confidence": 0.7216941714286804,
        "visible_cameras": []
    },
    {
        "encounter": "encounter_65917",
        "Row_number": 161,
        "camera": 2,
        "confidence": 0.6617173552513123,
        "visible_cameras": []
    },
    {
        "encounter": "encounter_66509",
        "Row_number": 210,
        "camera": 1,
        "confidence": 0.6143655180931091,
        "visible_cameras": [
            3
        ]
    },
    {
        "encounter": "encounter_66827",
        "Row_number": 236,
        "camera": 4,
        "confidence": 0.9455743432044984,
        "visible_cameras": []
    },
    {
        "encounter": "encounter_66877",
        "Row_number": 241,
        "camera": 2,
        "confidence": 0.63771653175354,
        "visible_cameras": []
    },
    {
        "encounter": "encounter_67115",
        "Row_number": 258,
        "camera": 5,
        "confidence": 0.880940318107605,
        "visible_cameras": [
            4
        ]
    },
    {
        "encounter": "encounter_67580",
        "Row_number": 296,
        "camera": 2,
        "confidence": 0.8733044266700745,
        "visible_cameras": [
            1
        ]
    },
    {
        "encounter": "encounter_67590",
        "Row_number": 297,
        "camera": 4,
        "confidence": 0.7242022156715393,
        "visible_cameras": []
    },
    {
        "encounter": "encounter_67729",
        "Row_number": 313,
        "camera": 2,
        "confidence": 0.7520368099212646,
        "visible_cameras": []
    },
    {
        "encounter": "encounter_67856",
        "Row_number": 321,
        "camera": 5,
        "confidence": 0.7645841240882874,
        "visible_cameras": [
            4
        ]
    },
    {
        "encounter": "encounter_68238",
        "Row_number": 348,
        "camera": 3,
        "confidence": 0.8837999701499939,
        "visible_cameras": [
            2
        ]
    },
    {
        "encounter": "encounter_68279",
        "Row_number": 351,
        "camera": 2,
        "confidence": 0.7838062644004822,
        "visible_cameras": []
    },
    {
        "encounter": "encounter_68543",
        "Row_number": 371,
        "camera": 1,
        "confidence": 0.8127567768096924,
        "visible_cameras": [
            5
        ]
    },
    {
        "encounter": "encounter_68759",
        "Row_number": 382,
        "camera": 3,
        "confidence": 0.7093328833580017,
        "visible_cameras": [
            2
        ]
    },
    {
        "encounter": "encounter_69363",
        "Row_number": 435,
        "camera": 1,
        "confidence": 0.8903080224990845,
        "visible_cameras": [
            5
        ]
    },
    {
        "encounter": "encounter_69408",
        "Row_number": 439,
        "camera": 3,
        "confidence": 0.6507257223129272,
        "visible_cameras": [
            2
        ]
    },
    {
        "encounter": "encounter_69581",
        "Row_number": 458,
        "camera": 2,
        "confidence": 0.8088756799697876,
        "visible_cameras": []
    },
    {
        "encounter": "encounter_70038",
        "Row_number": 494,
        "camera": 5,
        "confidence": 0.879976749420166,
        "visible_cameras": []
    },
    {
        "encounter": "encounter_70193",
        "Row_number": 509,
        "camera": 1,
        "confidence": 0.566603422164917,
        "visible_cameras": []
    },
    {
        "encounter": "encounter_70223",
        "Row_number": 510,
        "camera": 1,
        "confidence": 0.8522965908050537,
        "visible_cameras": [
            5
        ]
    },
    {
        "encounter": "encounter_70617",
        "Row_number": 542,
        "camera": 3,
        "confidence": 0.8445513248443604,
        "visible_cameras": [
            2
        ]
    },
    {
        "encounter": "encounter_70701",
        "Row_number": 550,
        "camera": 1,
        "confidence": 0.706221878528595,
        "visible_cameras": []
    },
    {
        "encounter": "encounter_70793",
        "Row_number": 558,
        "camera": 1,
        "confidence": 0.7302795648574829,
        "visible_cameras": []
    },
    {
        "encounter": "encounter_71042",
        "Row_number": 567,
        "camera": 3,
        "confidence": 0.9264276623725892,
        "visible_cameras": [
            2
        ]
    },
    {
        "encounter": "encounter_71068",
        "Row_number": 570,
        "camera": 5,
        "confidence": 0.7210837006568909,
        "visible_cameras": [
            3
        ]
    },
    {
        "encounter": "encounter_71404",
        "Row_number": 597,
        "camera": 5,
        "confidence": 0.6620607376098633,
        "visible_cameras": []
    },
    {
        "encounter": "encounter_71677",
        "Row_number": 622,
        "camera": 4,
        "confidence": 0.6145638823509216,
        "visible_cameras": []
    },
    {
        "encounter": "encounter_71827",
        "Row_number": 632,
        "camera": 2,
        "confidence": 0.5939555168151855,
        "visible_cameras": [
            1
        ]
    },
    {
        "encounter": "encounter_71833",
        "Row_number": 634,
        "camera": 5,
        "confidence": 0.925365149974823,
        "visible_cameras": [
            4
        ]
    },
    {
        "encounter": "encounter_72142",
        "Row_number": 653,
        "camera": 4,
        "confidence": 0.8547782301902771,
        "visible_cameras": []
    },
    {
        "encounter": "encounter_72509",
        "Row_number": 681,
        "camera": 2,
        "confidence": 0.8435875773429871,
        "visible_cameras": [
            1
        ]
    },
    {
        "encounter": "encounter_72877",
        "Row_number": 701,
        "camera": 1,
        "confidence": 0.6049501895904541,
        "visible_cameras": []
    },
    {
        "encounter": "encounter_72914",
        "Row_number": 703,
        "camera": 4,
        "confidence": 0.686781108379364,
        "visible_cameras": []
    },
    {
        "encounter": "encounter_73488",
        "Row_number": 747,
        "camera": 3,
        "confidence": 0.743832528591156,
        "visible_cameras": [
            2
        ]
    },
    {
        "encounter": "encounter_73582",
        "Row_number": 754,
        "camera": 5,
        "confidence": 0.6987042427062988,
        "visible_cameras": [
            2
        ]
    },
    {
        "encounter": "encounter_73808",
        "Row_number": 776,
        "camera": 5,
        "confidence": 0.7974588871002197,
        "visible_cameras": [
            4
        ]
    },
    {
        "encounter": "encounter_74130",
        "Row_number": 803,
        "camera": 5,
        "confidence": 0.7532873749732971,
        "visible_cameras": [
            4
        ]
    },
    {
        "encounter": "encounter_74645",
        "Row_number": 847,
        "camera": 5,
        "confidence": 0.7954752445220947,
        "visible_cameras": []
    },
    {
        "encounter": "encounter_74728",
        "Row_number": 853,
        "camera": 5,
        "confidence": 0.8135547041893005,
        "visible_cameras": [
            4
        ]
    },
    {
        "encounter": "encounter_74828",
        "Row_number": 861,
        "camera": 1,
        "confidence": 0.7101354002952576,
        "visible_cameras": [
            5
        ]
    },
    {
        "encounter": "encounter_75163",
        "Row_number": 886,
        "camera": 1,
        "confidence": 0.7178343534469604,
        "visible_cameras": [
            5
        ]
    },
    {
        "encounter": "encounter_75288",
        "Row_number": 899,
        "camera": 3,
        "confidence": 0.8499809503555298,
        "visible_cameras": [
            2
        ]
    },
    {
        "encounter": "encounter_75630",
        "Row_number": 932,
        "camera": 5,
        "confidence": 0.6566885709762573,
        "visible_cameras": [
            4
        ]
    },
    {
        "encounter": "encounter_76419",
        "Row_number": 988,
        "camera": 5,
        "confidence": 0.9194540977478028,
        "visible_cameras": [
            4
        ]
    },
    {
        "encounter": "encounter_76460",
        "Row_number": 994,
        "camera": 4,
        "confidence": 0.8398335576057434,
        "visible_cameras": []
    },
    {
        "encounter": "encounter_77371",
        "Row_number": 1065,
        "camera": 4,
        "confidence": 0.6585910320281982,
        "visible_cameras": [
            3
        ]
    },
    {
        "encounter": "encounter_77459",
        "Row_number": 1074,
        "camera": 2,
        "confidence": 0.7117602825164795,
        "visible_cameras": []
    },
    {
        "encounter": "encounter_77529",
        "Row_number": 1080,
        "camera": 5,
        "confidence": 0.8872311115264893,
        "visible_cameras": [
            4
        ]
    },
    {
        "encounter": "encounter_77745",
        "Row_number": 1098,
        "camera": 5,
        "confidence": 0.8596611022949219,
        "visible_cameras": [
            4
        ]
    },
    {
        "encounter": "encounter_77972",
        "Row_number": 1120,
        "camera": 3,
        "confidence": 0.8474231362342834,
        "visible_cameras": [
            2
        ]
    },
    {
        "encounter": "encounter_78043",
        "Row_number": 1125,
        "camera": 4,
        "confidence": 0.812813937664032,
        "visible_cameras": []
    },
    {
        "encounter": "encounter_78579",
        "Row_number": 1168,
        "camera": 5,
        "confidence": 0.8660842776298523,
        "visible_cameras": [
            4
        ]
    },
    {
        "encounter": "encounter_78891",
        "Row_number": 1187,
        "camera": 5,
        "confidence": 0.759286105632782,
        "visible_cameras": [
            4
        ]
    },
    {
        "encounter": "encounter_79037",
        "Row_number": 1195,
        "camera": 5,
        "confidence": 0.8449127674102783,
        "visible_cameras": [
            4
        ]
    },
    {
        "encounter": "encounter_79275",
        "Row_number": 1215,
        "camera": 5,
        "confidence": 0.8744331002235413,
        "visible_cameras": [
            4
        ]
    },
    {
        "encounter": "encounter_79339",
        "Row_number": 1219,
        "camera": 5,
        "confidence": 0.695950448513031,
        "visible_cameras": [
            4
        ]
    },
    {
        "encounter": "encounter_80222",
        "Row_number": 1280,
        "camera": 5,
        "confidence": 0.7275087237358093,
        "visible_cameras": [
            4
        ]
    },
    {
        "encounter": "encounter_80241",
        "Row_number": 1283,
        "camera": 5,
        "confidence": 0.6545610427856445,
        "visible_cameras": [
            4
        ]
    },
    {
        "encounter": "encounter_80257",
        "Row_number": 1286,
        "camera": 3,
        "confidence": 0.5647514462471008,
        "visible_cameras": [
            2
        ]
    },
    {
        "encounter": "encounter_80466",
        "Row_number": 1299,
        "camera": 4,
        "confidence": 0.7464119791984558,
        "visible_cameras": [
            3
        ]
    },
    {
        "encounter": "encounter_81873",
        "Row_number": 1426,
        "camera": 4,
        "confidence": 0.8223085403442383,
        "visible_cameras": []
    },
    {
        "encounter": "encounter_82315",
        "Row_number": 1454,
        "camera": 2,
        "confidence": 0.9085755348205566,
        "visible_cameras": []
    },
    {
        "encounter": "encounter_82594",
        "Row_number": 1483,
        "camera": 5,
        "confidence": 0.5989338755607605,
        "visible_cameras": [
            4
        ]
    },
    {
        "encounter": "encounter_83036",
        "Row_number": 1522,
        "camera": 1,
        "confidence": 0.9445056319236756,
        "visible_cameras": []
    },
    {
        "encounter": "encounter_83912",
        "Row_number": 1586,
        "camera": 3,
        "confidence": 0.6666430234909058,
        "visible_cameras": [
            2
        ]
    },
    {
        "encounter": "encounter_84271",
        "Row_number": 1611,
        "camera": 5,
        "confidence": 0.7981635332107544,
        "visible_cameras": [
            4
        ]
    },
    {
        "encounter": "encounter_84474",
        "Row_number": 1628,
        "camera": 3,
        "confidence": 0.8244901299476624,
        "visible_cameras": [
            2
        ]
    },
    {
        "encounter": "encounter_85243",
        "Row_number": 1684,
        "camera": 1,
        "confidence": 0.8556223511695862,
        "visible_cameras": [
            5
        ]
    },
    {
        "encounter": "encounter_86209",
        "Row_number": 1738,
        "camera": 5,
        "confidence": 0.9270921349525452,
        "visible_cameras": [
            4
        ]
    },
    {
        "encounter": "encounter_86383",
        "Row_number": 1755,
        "camera": 2,
        "confidence": 0.6722663640975952,
        "visible_cameras": []
    },
    {
        "encounter": "encounter_86995",
        "Row_number": 1795,
        "camera": 4,
        "confidence": 0.7865904569625854,
        "visible_cameras": []
    },
    {
        "encounter": "encounter_87214",
        "Row_number": 1818,
        "camera": 1,
        "confidence": 0.7492857575416565,
        "visible_cameras": [
            4
        ]
    },
    {
        "encounter": "encounter_87335",
        "Row_number": 1833,
        "camera": 2,
        "confidence": 0.6551804542541504,
        "visible_cameras": [
            1
        ]
    },
    {
        "encounter": "encounter_87372",
        "Row_number": 1837,
        "camera": 5,
        "confidence": 0.9524214267730712,
        "visible_cameras": [
            4
        ]
    },
    {
        "encounter": "encounter_87683",
        "Row_number": 1856,
        "camera": 3,
        "confidence": 0.8503095507621765,
        "visible_cameras": [
            2
        ]
    },
    {
        "encounter": "encounter_87928",
        "Row_number": 1875,
        "camera": 2,
        "confidence": 0.8243057727813721,
        "visible_cameras": [
            3,
            4
        ]
    },
    {
        "encounter": "encounter_88372",
        "Row_number": 1920,
        "camera": 3,
        "confidence": 0.7982726097106934,
        "visible_cameras": [
            2
        ]
    },
    {
        "encounter": "encounter_88555",
        "Row_number": 1933,
        "camera": 1,
        "confidence": 0.816506028175354,
        "visible_cameras": [
            5
        ]
    },
    {
        "encounter": "encounter_88786",
        "Row_number": 1949,
        "camera": 4,
        "confidence": 0.7371912002563477,
        "visible_cameras": []
    },
    {
        "encounter": "encounter_89004",
        "Row_number": 1964,
        "camera": 5,
        "confidence": 0.7783013582229614,
        "visible_cameras": [
            4
        ]
    },
    {
        "encounter": "encounter_89966",
        "Row_number": 2046,
        "camera": 1,
        "confidence": 0.7599839568138123,
        "visible_cameras": []
    },
    {
        "encounter": "encounter_90096",
        "Row_number": 2055,
        "camera": 5,
        "confidence": 0.8599151372909546,
        "visible_cameras": []
    },
    {
        "encounter": "encounter_90156",
        "Row_number": 2060,
        "camera": 5,
        "confidence": 0.8510047793388367,
        "visible_cameras": [
            4
        ]
    },
    {
        "encounter": "encounter_90220",
        "Row_number": 2066,
        "camera": 3,
        "confidence": 0.8453730344772339,
        "visible_cameras": []
    },
    {
        "encounter": "encounter_90534",
        "Row_number": 2091,
        "camera": 4,
        "confidence": 0.7733059525489807,
        "visible_cameras": []
    },
    {
        "encounter": "encounter_91367",
        "Row_number": 2155,
        "camera": 5,
        "confidence": 0.8668516278266907,
        "visible_cameras": []
    },
    {
        "encounter": "encounter_91539",
        "Row_number": 2172,
        "camera": 2,
        "confidence": 0.9226276278495787,
        "visible_cameras": []
    },
    {
        "encounter": "encounter_91829",
        "Row_number": 2187,
        "camera": 5,
        "confidence": 0.6545064449310303,
        "visible_cameras": [
            4
        ]
    },
    {
        "encounter": "encounter_91844",
        "Row_number": 2189,
        "camera": 4,
        "confidence": 0.7729796767234802,
        "visible_cameras": []
    },
    {
        "encounter": "encounter_91865",
        "Row_number": 2192,
        "camera": 5,
        "confidence": 0.844219982624054,
        "visible_cameras": [
            4
        ]
    },
    {
        "encounter": "encounter_92188",
        "Row_number": 2219,
        "camera": 3,
        "confidence": 0.8258645534515381,
        "visible_cameras": [
            2
        ]
    },
    {
        "encounter": "encounter_92208",
        "Row_number": 2220,
        "camera": 3,
        "confidence": 0.6982907056808472,
        "visible_cameras": [
            2
        ]
    },
    {
        "encounter": "encounter_92457",
        "Row_number": 2242,
        "camera": 2,
        "confidence": 0.8134017586708069,
        "visible_cameras": []
    },
    {
        "encounter": "encounter_93080",
        "Row_number": 2302,
        "camera": 5,
        "confidence": 0.8500944375991821,
        "visible_cameras": []
    },
    {
        "encounter": "encounter_93410",
        "Row_number": 2321,
        "camera": 5,
        "confidence": 0.9111721515655518,
        "visible_cameras": [
            4
        ]
    },
    {
        "encounter": "encounter_93545",
        "Row_number": 2326,
        "camera": 1,
        "confidence": 0.7658964395523071,
        "visible_cameras": []
    },
    {
        "encounter": "encounter_93583",
        "Row_number": 2328,
        "camera": 1,
        "confidence": 0.5865397453308105,
        "visible_cameras": [
            3,
            4
        ]
    },
    {
        "encounter": "encounter_93968",
        "Row_number": 2360,
        "camera": 3,
        "confidence": 0.8127712607383728,
        "visible_cameras": [
            2
        ]
    },
    {
        "encounter": "encounter_94043",
        "Row_number": 2365,
        "camera": 5,
        "confidence": 0.8600738048553467,
        "visible_cameras": [
            4
        ]
    },
    {
        "encounter": "encounter_94524",
        "Row_number": 2411,
        "camera": 5,
        "confidence": 0.6665559411048889,
        "visible_cameras": [
            4
        ]
    },
    {
        "encounter": "encounter_94832",
        "Row_number": 2428,
        "camera": 2,
        "confidence": 0.8492226004600525,
        "visible_cameras": [
            3
        ]
    },
    {
        "encounter": "encounter_95654",
        "Row_number": 2495,
        "camera": 4,
        "confidence": 0.6766603589057922,
        "visible_cameras": []
    }
]