[
    {
        "encounter": "encounter_32286",
        "Row_number": 15,
        "camera": 3,
        "confidence": 0.815618634223938,
        "visible_cameras": [
            2
        ]
    },
    {
        "encounter": "encounter_32609",
        "Row_number": 34,
        "camera": 5,
        "confidence": 0.9360085725784302,
        "visible_cameras": [
            4
        ]
    },
    {
        "encounter": "encounter_33155",
        "Row_number": 86,
        "camera": 5,
        "confidence": 0.8607863187789917,
        "visible_cameras": [
            4
        ]
    },
    {
        "encounter": "encounter_33364",
        "Row_number": 104,
        "camera": 4,
        "confidence": 0.5635489821434021,
        "visible_cameras": []
    },
    {
        "encounter": "encounter_33465",
        "Row_number": 112,
        "camera": 5,
        "confidence": 0.8132702708244324,
        "visible_cameras": [
            4
        ]
    },
    {
        "encounter": "encounter_33692",
        "Row_number": 132,
        "camera": 3,
        "confidence": 0.8807888031005859,
        "visible_cameras": []
    },
    {
        "encounter": "encounter_33942",
        "Row_number": 144,
        "camera": 5,
        "confidence": 0.8702550530433655,
        "visible_cameras": [
            4
        ]
    },
    {
        "encounter": "encounter_34375",
        "Row_number": 173,
        "camera": 5,
        "confidence": 0.8356123566627502,
        "visible_cameras": [
            4
        ]
    },
    {
        "encounter": "encounter_34512",
        "Row_number": 183,
        "camera": 2,
        "confidence": 0.6135337352752686,
        "visible_cameras": []
    },
    {
        "encounter": "encounter_34686",
        "Row_number": 198,
        "camera": 5,
        "confidence": 0.8142368793487549,
        "visible_cameras": [
            4
        ]
    },
    {
        "encounter": "encounter_34841",
        "Row_number": 210,
        "camera": 5,
        "confidence": 0.879372239112854,
        "visible_cameras": [
            4
        ]
    },
    {
        "encounter": "encounter_35066",
        "Row_number": 230,
        "camera": 3,
        "confidence": 0.5781481266021729,
        "visible_cameras": [
            2
        ]
    },
    {
        "encounter": "encounter_35148",
        "Row_number": 237,
        "camera": 5,
        "confidence": 0.6637207269668579,
        "visible_cameras": [
            4
        ]
    },
    {
        "encounter": "encounter_35342",
        "Row_number": 252,
        "camera": 1,
        "confidence": 0.7006334662437439,
        "visible_cameras": []
    },
    {
        "encounter": "encounter_35429",
        "Row_number": 257,
        "camera": 5,
        "confidence": 0.7822535634040833,
        "visible_cameras": [
            4
        ]
    },
    {
        "encounter": "encounter_35458",
        "Row_number": 260,
        "camera": 5,
        "confidence": 0.78528892993927,
        "visible_cameras": []
    },
    {
        "encounter": "encounter_35571",
        "Row_number": 265,
        "camera": 5,
        "confidence": 0.6564359664916992,
        "visible_cameras": []
    },
    {
        "encounter": "encounter_36580",
        "Row_number": 351,
        "camera": 5,
        "confidence": 0.5753427147865295,
        "visible_cameras": [
            4
        ]
    },
    {
        "encounter": "encounter_37191",
        "Row_number": 401,
        "camera": 3,
        "confidence": 0.8280035853385925,
        "visible_cameras": []
    },
    {
        "encounter": "encounter_37414",
        "Row_number": 413,
        "camera": 2,
        "confidence": 0.8554321527481079,
        "visible_cameras": []
    },
    {
        "encounter": "encounter_39196",
        "Row_number": 561,
        "camera": 5,
        "confidence": 0.556190550327301,
        "visible_cameras": [
            4
        ]
    },
    {
        "encounter": "encounter_39947",
        "Row_number": 621,
        "camera": 4,
        "confidence": 0.5922539234161377,
        "visible_cameras": []
    },
    {
        "encounter": "encounter_40146",
        "Row_number": 636,
        "camera": 2,
        "confidence": 0.6837204694747925,
        "visible_cameras": []
    },
    {
        "encounter": "encounter_40204",
        "Row_number": 640,
        "camera": 4,
        "confidence": 0.8486927151679993,
        "visible_cameras": []
    },
    {
        "encounter": "encounter_40557",
        "Row_number": 669,
        "camera": 5,
        "confidence": 0.5688457489013672,
        "visible_cameras": [
            4
        ]
    },
    {
        "encounter": "encounter_40629",
        "Row_number": 673,
        "camera": 3,
        "confidence": 0.7843542098999023,
        "visible_cameras": [
            2
        ]
    },
    {
        "encounter": "encounter_40851",
        "Row_number": 696,
        "camera": 5,
        "confidence": 0.7844462990760803,
        "visible_cameras": [
            4
        ]
    },
    {
        "encounter": "encounter_41219",
        "Row_number": 717,
        "camera": 1,
        "confidence": 0.588718056678772,
        "visible_cameras": [
            5
        ]
    },
    {
        "encounter": "encounter_41719",
        "Row_number": 761,
        "camera": 3,
        "confidence": 0.6104602813720703,
        "visible_cameras": [
            2
        ]
    },
    {
        "encounter": "encounter_41776",
        "Row_number": 766,
        "camera": 3,
        "confidence": 0.7599025368690491,
        "visible_cameras": [
            2
        ]
    },
    {
        "encounter": "encounter_42273",
        "Row_number": 808,
        "camera": 5,
        "confidence": 0.8633955717086792,
        "visible_cameras": []
    },
    {
        "encounter": "encounter_42645",
        "Row_number": 840,
        "camera": 5,
        "confidence": 0.7574836015701294,
        "visible_cameras": [
            4
        ]
    },
    {
        "encounter": "encounter_42778",
        "Row_number": 853,
        "camera": 5,
        "confidence": 0.7243164777755737,
        "visible_cameras": [
            2,
            3
        ]
    },
    {
        "encounter": "encounter_42878",
        "Row_number": 861,
        "camera": 3,
        "confidence": 0.6137806177139282,
        "visible_cameras": [
            2
        ]
    },
    {
        "encounter": "encounter_43178",
        "Row_number": 892,
        "camera": 2,
        "confidence": 0.8048248291015625,
        "visible_cameras": []
    },
    {
        "encounter": "encounter_43247",
        "Row_number": 901,
        "camera": 5,
        "confidence": 0.7446280717849731,
        "visible_cameras": []
    },
    {
        "encounter": "encounter_43265",
        "Row_number": 903,
        "camera": 4,
        "confidence": 0.7492757439613342,
        "visible_cameras": []
    },
    {
        "encounter": "encounter_43893",
        "Row_number": 956,
        "camera": 5,
        "confidence": 0.7391956448554993,
        "visible_cameras": [
            4
        ]
    },
    {
        "encounter": "encounter_43907",
        "Row_number": 958,
        "camera": 2,
        "confidence": 0.7384591698646545,
        "visible_cameras": []
    },
    {
        "encounter": "encounter_44120",
        "Row_number": 971,
        "camera": 4,
        "confidence": 0.7992272973060608,
        "visible_cameras": []
    },
    {
        "encounter": "encounter_44133",
        "Row_number": 973,
        "camera": 5,
        "confidence": 0.5657334327697754,
        "visible_cameras": [
            4
        ]
    },
    {
        "encounter": "encounter_44524",
        "Row_number": 1001,
        "camera": 5,
        "confidence": 0.6271050572395325,
        "visible_cameras": [
            4
        ]
    },
    {
        "encounter": "encounter_44708",
        "Row_number": 1015,
        "camera": 2,
        "confidence": 0.7185069918632507,
        "visible_cameras": []
    },
    {
        "encounter": "encounter_44887",
        "Row_number": 1025,
        "camera": 1,
        "confidence": 0.8505738973617554,
        "visible_cameras": [
            5
        ]
    },
    {
        "encounter": "encounter_45232",
        "Row_number": 1057,
        "camera": 3,
        "confidence": 0.7160373330116272,
        "visible_cameras": [
            2
        ]
    },
    {
        "encounter": "encounter_45334",
        "Row_number": 1066,
        "camera": 1,
        "confidence": 0.6913294196128845,
        "visible_cameras": [
            5
        ]
    },
    {
        "encounter": "encounter_45427",
        "Row_number": 1075,
        "camera": 5,
        "confidence": 0.8325106501579285,
        "visible_cameras": [
            4
        ]
    },
    {
        "encounter": "encounter_45747",
        "Row_number": 1099,
        "camera": 5,
        "confidence": 0.6709079742431641,
        "visible_cameras": [
            4
        ]
    },
    {
        "encounter": "encounter_46731",
        "Row_number": 1169,
        "camera": 3,
        "confidence": 0.9095760583877563,
        "visible_cameras": [
            2
        ]
    },
    {
        "encounter": "encounter_47059",
        "Row_number": 1195,
        "camera": 3,
        "confidence": 0.9181589484214784,
        "visible_cameras": [
            2
        ]
    },
    {
        "encounter": "encounter_47720",
        "Row_number": 1247,
        "camera": 5,
        "confidence": 0.7736016511917114,
        "visible_cameras": [
            4
        ]
    },
    {
        "encounter": "encounter_47903",
        "Row_number": 1261,
        "camera": 3,
        "confidence": 0.8937269449234009,
        "visible_cameras": []
    },
    {
        "encounter": "encounter_48492",
        "Row_number": 1320,
        "camera": 3,
        "confidence": 0.746968150138855,
        "visible_cameras": [
            2
        ]
    },
    {
        "encounter": "encounter_48600",
        "Row_number": 1328,
        "camera": 2,
        "confidence": 0.581182599067688,
        "visible_cameras": [
            4
        ]
    },
    {
        "encounter": "encounter_49255",
        "Row_number": 1373,
        "camera": 5,
        "confidence": 0.6987125873565674,
        "visible_cameras": [
            4
        ]
    },
    {
        "encounter": "encounter_49281",
        "Row_number": 1378,
        "camera": 4,
        "confidence": 0.6704140305519104,
        "visible_cameras": []
    },
    {
        "encounter": "encounter_49680",
        "Row_number": 1402,
        "camera": 5,
        "confidence": 0.7963923811912537,
        "visible_cameras": []
    },
    {
        "encounter": "encounter_50712",
        "Row_number": 1480,
        "camera": 5,
        "confidence": 0.5515400171279907,
        "visible_cameras": []
    },
    {
        "encounter": "encounter_51100",
        "Row_number": 1508,
        "camera": 5,
        "confidence": 0.7656664848327637,
        "visible_cameras": [
            4
        ]
    },
    {
        "encounter": "encounter_51112",
        "Row_number": 1510,
        "camera": 5,
        "confidence": 0.8774620294570923,
        "visible_cameras": [
            4
        ]
    },
    {
        "encounter": "encounter_51517",
        "Row_number": 1530,
        "camera": 5,
        "confidence": 0.839002788066864,
        "visible_cameras": [
            4
        ]
    },
    {
        "encounter": "encounter_51527",
        "Row_number": 1532,
        "camera": 3,
        "confidence": 0.8600969314575195,
        "visible_cameras": [
            2
        ]
    },
    {
        "encounter": "encounter_51909",
        "Row_number": 1558,
        "camera": 5,
        "confidence": 0.9415614008903505,
        "visible_cameras": [
            4
        ]
    },
    {
        "encounter": "encounter_51928",
        "Row_number": 1561,
        "camera": 3,
        "confidence": 0.8209931254386902,
        "visible_cameras": [
            2
        ]
    },
    {
        "encounter": "encounter_52018",
        "Row_number": 1572,
        "camera": 2,
        "confidence": 0.6381855010986328,
        "visible_cameras": [
            4
        ]
    },
    {
        "encounter": "encounter_52051",
        "Row_number": 1573,
        "camera": 2,
        "confidence": 0.8906067609786987,
        "visible_cameras": []
    },
    {
        "encounter": "encounter_52449",
        "Row_number": 1602,
        "camera": 5,
        "confidence": 0.8872206211090088,
        "visible_cameras": [
            4
        ]
    },
    {
        "encounter": "encounter_53211",
        "Row_number": 1660,
        "camera": 2,
        "confidence": 0.5581404566764832,
        "visible_cameras": [
            4
        ]
    },
    {
        "encounter": "encounter_53410",
        "Row_number": 1679,
        "camera": 5,
        "confidence": 0.8978132605552673,
        "visible_cameras": [
            4
        ]
    },
    {
        "encounter": "encounter_54041",
        "Row_number": 1731,
        "camera": 3,
        "confidence": 0.8488326072692871,
        "visible_cameras": [
            2
        ]
    },
    {
        "encounter": "encounter_54395",
        "Row_number": 1756,
        "camera": 3,
        "confidence": 0.8356921076774597,
        "visible_cameras": [
            2
        ]
    },
    {
        "encounter": "encounter_54751",
        "Row_number": 1785,
        "camera": 5,
        "confidence": 0.7622054815292358,
        "visible_cameras": [
            4
        ]
    },
    {
        "encounter": "encounter_54829",
        "Row_number": 1794,
        "camera": 5,
        "confidence": 0.5960782170295715,
        "visible_cameras": [
            4
        ]
    },
    {
        "encounter": "encounter_55181",
        "Row_number": 1811,
        "camera": 4,
        "confidence": 0.8614884614944458,
        "visible_cameras": []
    },
    {
        "encounter": "encounter_56171",
        "Row_number": 1890,
        "camera": 5,
        "confidence": 0.5869265794754028,
        "visible_cameras": [
            4
        ]
    },
    {
        "encounter": "encounter_57621",
        "Row_number": 1990,
        "camera": 3,
        "confidence": 0.8834772706031799,
        "visible_cameras": [
            2
        ]
    },
    {
        "encounter": "encounter_57625",
        "Row_number": 1992,
        "camera": 4,
        "confidence": 0.9309273958206176,
        "visible_cameras": []
    },
    {
        "encounter": "encounter_57718",
        "Row_number": 1995,
        "camera": 2,
        "confidence": 0.8151135444641113,
        "visible_cameras": []
    },
    {
        "encounter": "encounter_58439",
        "Row_number": 2044,
        "camera": 5,
        "confidence": 0.6472250819206238,
        "visible_cameras": [
            4
        ]
    },
    {
        "encounter": "encounter_58918",
        "Row_number": 2079,
        "camera": 3,
        "confidence": 0.557201623916626,
        "visible_cameras": []
    },
    {
        "encounter": "encounter_59223",
        "Row_number": 2105,
        "camera": 2,
        "confidence": 0.7837137579917908,
        "visible_cameras": []
    },
    {
        "encounter": "encounter_60387",
        "Row_number": 2202,
        "camera": 5,
        "confidence": 0.776178777217865,
        "visible_cameras": []
    },
    {
        "encounter": "encounter_60406",
        "Row_number": 2204,
        "camera": 5,
        "confidence": 0.8014260530471802,
        "visible_cameras": []
    },
    {
        "encounter": "encounter_60701",
        "Row_number": 2232,
        "camera": 1,
        "confidence": 0.9428287148475648,
        "visible_cameras": [
            5
        ]
    },
    {
        "encounter": "encounter_60852",
        "Row_number": 2249,
        "camera": 5,
        "confidence": 0.7731297612190247,
        "visible_cameras": [
            1,
            2
        ]
    },
    {
        "encounter": "encounter_61206",
        "Row_number": 2267,
        "camera": 3,
        "confidence": 0.7386171817779541,
        "visible_cameras": [
            2
        ]
    },
    {
        "encounter": "encounter_61490",
        "Row_number": 2290,
        "camera": 5,
        "confidence": 0.6897425055503845,
        "visible_cameras": [
            4
        ]
    },
    {
        "encounter": "encounter_61515",
        "Row_number": 2292,
        "camera": 3,
        "confidence": 0.809125542640686,
        "visible_cameras": [
            2
        ]
    },
    {
        "encounter": "encounter_62192",
        "Row_number": 2343,
        "camera": 2,
        "confidence": 0.632770299911499,
        "visible_cameras": [
            5
        ]
    },
    {
        "encounter": "encounter_62532",
        "Row_number": 2373,
        "camera": 2,
        "confidence": 0.7872437238693237,
        "visible_cameras": []
    },
    {
        "encounter": "encounter_62581",
        "Row_number": 2380,
        "camera": 5,
        "confidence": 0.8473430275917053,
        "visible_cameras": []
    },
    {
        "encounter": "encounter_62717",
        "Row_number": 2391,
        "camera": 5,
        "confidence": 0.6115849614143372,
        "visible_cameras": [
            4
        ]
    },
    {
        "encounter": "encounter_63693",
        "Row_number": 2466,
        "camera": 5,
        "confidence": 0.6207379102706909,
        "visible_cameras": [
            4
        ]
    },
    {
        "encounter": "encounter_63870",
        "Row_number": 2483,
        "camera": 3,
        "confidence": 0.8468905091285706,
        "visible_cameras": [
            2
        ]
    },
    {
        "encounter": "encounter_64066",
        "Row_number": 2496,
        "camera": 3,
        "confidence": 0.6186841130256653,
        "visible_cameras": [
            2
        ]
    }
]