[
    {
        "encounter": "encounter_1164",
        "Row_number": 90,
        "camera": 1,
        "confidence": 0.6045542359352112,
        "visible_cameras": []
    },
    {
        "encounter": "encounter_1590",
        "Row_number": 124,
        "camera": 5,
        "confidence": 0.5619462132453918,
        "visible_cameras": []
    },
    {
        "encounter": "encounter_2529",
        "Row_number": 190,
        "camera": 5,
        "confidence": 0.8341082334518433,
        "visible_cameras": [
            1
        ]
    },
    {
        "encounter": "encounter_2761",
        "Row_number": 214,
        "camera": 3,
        "confidence": 0.8178974390029907,
        "visible_cameras": []
    },
    {
        "encounter": "encounter_3045",
        "Row_number": 240,
        "camera": 2,
        "confidence": 0.8000850081443787,
        "visible_cameras": [
            1
        ]
    },
    {
        "encounter": "encounter_3255",
        "Row_number": 261,
        "camera": 5,
        "confidence": 0.7146056890487671,
        "visible_cameras": [
            4
        ]
    },
    {
        "encounter": "encounter_4190",
        "Row_number": 320,
        "camera": 2,
        "confidence": 0.8330485224723816,
        "visible_cameras": []
    },
    {
        "encounter": "encounter_4757",
        "Row_number": 365,
        "camera": 3,
        "confidence": 0.8516692519187927,
        "visible_cameras": [
            2
        ]
    },
    {
        "encounter": "encounter_4957",
        "Row_number": 379,
        "camera": 1,
        "confidence": 0.5778997540473938,
        "visible_cameras": [
            4
        ]
    },
    {
        "encounter": "encounter_4997",
        "Row_number": 385,
        "camera": 1,
        "confidence": 0.6724823713302612,
        "visible_cameras": []
    },
    {
        "encounter": "encounter_5934",
        "Row_number": 464,
        "camera": 1,
        "confidence": 0.7697182893753052,
        "visible_cameras": []
    },
    {
        "encounter": "encounter_6160",
        "Row_number": 481,
        "camera": 5,
        "confidence": 0.7765941023826599,
        "visible_cameras": [
            4
        ]
    },
    {
        "encounter": "encounter_6639",
        "Row_number": 522,
        "camera": 1,
        "confidence": 0.8355898261070251,
        "visible_cameras": [
            2
        ]
    },
    {
        "encounter": "encounter_6723",
        "Row_number": 530,
        "camera": 2,
        "confidence": 0.6346932649612427,
        "visible_cameras": []
    },
    {
        "encounter": "encounter_7298",
        "Row_number": 583,
        "camera": 5,
        "confidence": 0.6241438984870911,
        "visible_cameras": [
            4
        ]
    },
    {
        "encounter": "encounter_7513",
        "Row_number": 599,
        "camera": 5,
        "confidence": 0.5850551128387451,
        "visible_cameras": []
    },
    {
        "encounter": "encounter_7618",
        "Row_number": 604,
        "camera": 5,
        "confidence": 0.6362114548683167,
        "visible_cameras": []
    },
    {
        "encounter": "encounter_8865",
        "Row_number": 685,
        "camera": 5,
        "confidence": 0.8871215581893921,
        "visible_cameras": [
            4
        ]
    },
    {
        "encounter": "encounter_8895",
        "Row_number": 687,
        "camera": 3,
        "confidence": 0.8753195405006409,
        "visible_cameras": [
            2
        ]
    },
    {
        "encounter": "encounter_9937",
        "Row_number": 761,
        "camera": 1,
        "confidence": 0.7457838654518127,
        "visible_cameras": [
            5
        ]
    },
    {
        "encounter": "encounter_9950",
        "Row_number": 763,
        "camera": 3,
        "confidence": 0.8329830765724182,
        "visible_cameras": [
            2
        ]
    },
    {
        "encounter": "encounter_10105",
        "Row_number": 776,
        "camera": 5,
        "confidence": 0.8728786110877991,
        "visible_cameras": [
            4
        ]
    },
    {
        "encounter": "encounter_10781",
        "Row_number": 822,
        "camera": 5,
        "confidence": 0.6057671904563904,
        "visible_cameras": []
    },
    {
        "encounter": "encounter_11133",
        "Row_number": 843,
        "camera": 5,
        "confidence": 0.6782593131065369,
        "visible_cameras": [
            4
        ]
    },
    {
        "encounter": "encounter_11404",
        "Row_number": 875,
        "camera": 2,
        "confidence": 0.6178013682365417,
        "visible_cameras": [
            4,
            5
        ]
    },
    {
        "encounter": "encounter_11516",
        "Row_number": 884,
        "camera": 5,
        "confidence": 0.7547432780265808,
        "visible_cameras": []
    },
    {
        "encounter": "encounter_11816",
        "Row_number": 909,
        "camera": 5,
        "confidence": 0.6578931212425232,
        "visible_cameras": [
            4
        ]
    },
    {
        "encounter": "encounter_11841",
        "Row_number": 910,
        "camera": 5,
        "confidence": 0.784493088722229,
        "visible_cameras": [
            4
        ]
    },
    {
        "encounter": "encounter_11886",
        "Row_number": 914,
        "camera": 1,
        "confidence": 0.7376599311828613,
        "visible_cameras": [
            4
        ]
    },
    {
        "encounter": "encounter_12598",
        "Row_number": 971,
        "camera": 5,
        "confidence": 0.5958611965179443,
        "visible_cameras": [
            4
        ]
    },
    {
        "encounter": "encounter_13013",
        "Row_number": 1003,
        "camera": 5,
        "confidence": 0.8796660304069519,
        "visible_cameras": [
            4
        ]
    },
    {
        "encounter": "encounter_13186",
        "Row_number": 1018,
        "camera": 3,
        "confidence": 0.9297842383384703,
        "visible_cameras": [
            2
        ]
    },
    {
        "encounter": "encounter_13724",
        "Row_number": 1069,
        "camera": 1,
        "confidence": 0.8703149557113647,
        "visible_cameras": []
    },
    {
        "encounter": "encounter_14760",
        "Row_number": 1144,
        "camera": 1,
        "confidence": 0.6671123504638672,
        "visible_cameras": [
            5
        ]
    },
    {
        "encounter": "encounter_14794",
        "Row_number": 1147,
        "camera": 3,
        "confidence": 0.7551485300064087,
        "visible_cameras": [
            2
        ]
    },
    {
        "encounter": "encounter_14877",
        "Row_number": 1153,
        "camera": 3,
        "confidence": 0.6696182489395142,
        "visible_cameras": [
            2
        ]
    },
    {
        "encounter": "encounter_15947",
        "Row_number": 1223,
        "camera": 5,
        "confidence": 0.8973209857940674,
        "visible_cameras": [
            4
        ]
    },
    {
        "encounter": "encounter_16447",
        "Row_number": 1256,
        "camera": 2,
        "confidence": 0.6863852739334106,
        "visible_cameras": []
    },
    {
        "encounter": "encounter_16622",
        "Row_number": 1268,
        "camera": 5,
        "confidence": 0.6722205281257629,
        "visible_cameras": [
            4
        ]
    },
    {
        "encounter": "encounter_16790",
        "Row_number": 1285,
        "camera": 3,
        "confidence": 0.8576114177703857,
        "visible_cameras": []
    },
    {
        "encounter": "encounter_16963",
        "Row_number": 1296,
        "camera": 5,
        "confidence": 0.6333677172660828,
        "visible_cameras": []
    },
    {
        "encounter": "encounter_17021",
        "Row_number": 1300,
        "camera": 3,
        "confidence": 0.7770314812660217,
        "visible_cameras": [
            2
        ]
    },
    {
        "encounter": "encounter_17288",
        "Row_number": 1318,
        "camera": 5,
        "confidence": 0.8614818453788757,
        "visible_cameras": []
    },
    {
        "encounter": "encounter_17380",
        "Row_number": 1325,
        "camera": 4,
        "confidence": 0.8297213912010193,
        "visible_cameras": []
    },
    {
        "encounter": "encounter_17397",
        "Row_number": 1328,
        "camera": 5,
        "confidence": 0.8497648239135742,
        "visible_cameras": [
            4
        ]
    },
    {
        "encounter": "encounter_17447",
        "Row_number": 1333,
        "camera": 1,
        "confidence": 0.861023485660553,
        "visible_cameras": [
            5
        ]
    },
    {
        "encounter": "encounter_18519",
        "Row_number": 1426,
        "camera": 1,
        "confidence": 0.6852548122406006,
        "visible_cameras": [
            4
        ]
    },
    {
        "encounter": "encounter_18939",
        "Row_number": 1463,
        "camera": 3,
        "confidence": 0.8144122958183289,
        "visible_cameras": [
            2
        ]
    },
    {
        "encounter": "encounter_19421",
        "Row_number": 1499,
        "camera": 3,
        "confidence": 0.7859245538711548,
        "visible_cameras": [
            2
        ]
    },
    {
        "encounter": "encounter_19645",
        "Row_number": 1512,
        "camera": 1,
        "confidence": 0.8371182680130005,
        "visible_cameras": [
            5
        ]
    },
    {
        "encounter": "encounter_19885",
        "Row_number": 1538,
        "camera": 3,
        "confidence": 0.7184283137321472,
        "visible_cameras": [
            2
        ]
    },
    {
        "encounter": "encounter_20000",
        "Row_number": 1543,
        "camera": 3,
        "confidence": 0.6538270115852356,
        "visible_cameras": [
            2
        ]
    },
    {
        "encounter": "encounter_20064",
        "Row_number": 1551,
        "camera": 4,
        "confidence": 0.6870600581169128,
        "visible_cameras": []
    },
    {
        "encounter": "encounter_20342",
        "Row_number": 1581,
        "camera": 2,
        "confidence": 0.8356326818466187,
        "visible_cameras": []
    },
    {
        "encounter": "encounter_20344",
        "Row_number": 1582,
        "camera": 1,
        "confidence": 0.5574197173118591,
        "visible_cameras": [
            4
        ]
    },
    {
        "encounter": "encounter_20435",
        "Row_number": 1587,
        "camera": 2,
        "confidence": 0.6404213309288025,
        "visible_cameras": [
            1
        ]
    },
    {
        "encounter": "encounter_20962",
        "Row_number": 1616,
        "camera": 5,
        "confidence": 0.8838375210762024,
        "visible_cameras": [
            4
        ]
    },
    {
        "encounter": "encounter_21177",
        "Row_number": 1632,
        "camera": 4,
        "confidence": 0.5726432204246521,
        "visible_cameras": [
            2,
            3
        ]
    },
    {
        "encounter": "encounter_21390",
        "Row_number": 1655,
        "camera": 4,
        "confidence": 0.7774844169616699,
        "visible_cameras": []
    },
    {
        "encounter": "encounter_21621",
        "Row_number": 1674,
        "camera": 2,
        "confidence": 0.7374697923660278,
        "visible_cameras": [
            3
        ]
    },
    {
        "encounter": "encounter_22382",
        "Row_number": 1733,
        "camera": 5,
        "confidence": 0.7754055857658386,
        "visible_cameras": [
            4
        ]
    },
    {
        "encounter": "encounter_24626",
        "Row_number": 1883,
        "camera": 2,
        "confidence": 0.9284507036209106,
        "visible_cameras": [
            1
        ]
    },
    {
        "encounter": "encounter_24900",
        "Row_number": 1897,
        "camera": 2,
        "confidence": 0.7735209465026855,
        "visible_cameras": [
            1
        ]
    },
    {
        "encounter": "encounter_25945",
        "Row_number": 1981,
        "camera": 3,
        "confidence": 0.5825678110122681,
        "visible_cameras": []
    },
    {
        "encounter": "encounter_26095",
        "Row_number": 1991,
        "camera": 1,
        "confidence": 0.6219172477722168,
        "visible_cameras": [
            4
        ]
    },
    {
        "encounter": "encounter_26352",
        "Row_number": 2007,
        "camera": 4,
        "confidence": 0.739162266254425,
        "visible_cameras": []
    },
    {
        "encounter": "encounter_26460",
        "Row_number": 2019,
        "camera": 4,
        "confidence": 0.7100083827972412,
        "visible_cameras": []
    },
    {
        "encounter": "encounter_26627",
        "Row_number": 2033,
        "camera": 4,
        "confidence": 0.5797634124755859,
        "visible_cameras": []
    },
    {
        "encounter": "encounter_27391",
        "Row_number": 2089,
        "camera": 1,
        "confidence": 0.5938400030136108,
        "visible_cameras": []
    },
    {
        "encounter": "encounter_27538",
        "Row_number": 2100,
        "camera": 5,
        "confidence": 0.8011079430580139,
        "visible_cameras": [
            4
        ]
    },
    {
        "encounter": "encounter_27585",
        "Row_number": 2105,
        "camera": 3,
        "confidence": 0.8705983757972717,
        "visible_cameras": [
            2
        ]
    },
    {
        "encounter": "encounter_28580",
        "Row_number": 2197,
        "camera": 1,
        "confidence": 0.5877723097801208,
        "visible_cameras": [
            5
        ]
    },
    {
        "encounter": "encounter_28598",
        "Row_number": 2198,
        "camera": 2,
        "confidence": 0.7067576050758362,
        "visible_cameras": []
    },
    {
        "encounter": "encounter_28835",
        "Row_number": 2219,
        "camera": 5,
        "confidence": 0.8170868158340454,
        "visible_cameras": [
            4
        ]
    },
    {
        "encounter": "encounter_29032",
        "Row_number": 2239,
        "camera": 5,
        "confidence": 0.8920287489891052,
        "visible_cameras": [
            4
        ]
    },
    {
        "encounter": "encounter_29512",
        "Row_number": 2271,
        "camera": 2,
        "confidence": 0.5918589234352112,
        "visible_cameras": [
            4
        ]
    },
    {
        "encounter": "encounter_30459",
        "Row_number": 2356,
        "camera": 3,
        "confidence": 0.8773705959320068,
        "visible_cameras": [
            2
        ]
    },
    {
        "encounter": "encounter_30764",
        "Row_number": 2381,
        "camera": 5,
        "confidence": 0.5612690448760986,
        "visible_cameras": [
            4
        ]
    },
    {
        "encounter": "encounter_31016",
        "Row_number": 2406,
        "camera": 3,
        "confidence": 0.8870483636856079,
        "visible_cameras": [
            2
        ]
    },
    {
        "encounter": "encounter_31064",
        "Row_number": 2412,
        "camera": 3,
        "confidence": 0.6586519479751587,
        "visible_cameras": [
            2
        ]
    },
    {
        "encounter": "encounter_31117",
        "Row_number": 2417,
        "camera": 4,
        "confidence": 0.8794700503349304,
        "visible_cameras": []
    },
    {
        "encounter": "encounter_31273",
        "Row_number": 2431,
        "camera": 5,
        "confidence": 0.5903934240341187,
        "visible_cameras": [
            4
        ]
    },
    {
        "encounter": "encounter_31754",
        "Row_number": 2467,
        "camera": 3,
        "confidence": 0.8782082200050354,
        "visible_cameras": [
            2
        ]
    },
    {
        "encounter": "encounter_31877",
        "Row_number": 2474,
        "camera": 5,
        "confidence": 0.9080947637557985,
        "visible_cameras": [
            4
        ]
    }
]